PRAGMA foreign_keys=OFF;
BEGIN TRANSACTION;
CREATE TABLE IF NOT EXISTS "django_migrations" ("id" integer NOT NULL PRIMARY KEY AUTOINCREMENT, "app" varchar(255) NOT NULL, "name" varchar(255) NOT NULL, "applied" datetime NOT NULL);
INSERT INTO django_migrations VALUES(1,'core','0001_initial','2025-08-25 19:10:47.936721');
INSERT INTO django_migrations VALUES(2,'accounts','0001_initial','2025-08-25 19:10:47.942681');
INSERT INTO django_migrations VALUES(3,'course','0001_initial','2025-08-25 19:10:47.963419');
INSERT INTO django_migrations VALUES(4,'contenttypes','0001_initial','2025-08-25 19:10:47.967430');
INSERT INTO django_migrations VALUES(5,'contenttypes','0002_remove_content_type_name','2025-08-25 19:10:47.979907');
INSERT INTO django_migrations VALUES(6,'auth','0001_initial','2025-08-25 19:10:47.990338');
INSERT INTO django_migrations VALUES(7,'auth','0002_alter_permission_name_max_length','2025-08-25 19:10:47.995386');
INSERT INTO django_migrations VALUES(8,'auth','0003_alter_user_email_max_length','2025-08-25 19:10:47.999306');
INSERT INTO django_migrations VALUES(9,'auth','0004_alter_user_username_opts','2025-08-25 19:10:48.002977');
INSERT INTO django_migrations VALUES(10,'auth','0005_alter_user_last_login_null','2025-08-25 19:10:48.006559');
INSERT INTO django_migrations VALUES(11,'auth','0006_require_contenttypes_0002','2025-08-25 19:10:48.007594');
INSERT INTO django_migrations VALUES(12,'auth','0007_alter_validators_add_error_messages','2025-08-25 19:10:48.011414');
INSERT INTO django_migrations VALUES(13,'auth','0008_alter_user_username_max_length','2025-08-25 19:10:48.015150');
INSERT INTO django_migrations VALUES(14,'auth','0009_alter_user_last_name_max_length','2025-08-25 19:10:48.018781');
INSERT INTO django_migrations VALUES(15,'auth','0010_alter_group_name_max_length','2025-08-25 19:10:48.023413');
INSERT INTO django_migrations VALUES(16,'auth','0011_update_proxy_permissions','2025-08-25 19:10:48.032153');
INSERT INTO django_migrations VALUES(17,'auth','0012_alter_user_first_name_max_length','2025-08-25 19:10:48.037150');
INSERT INTO django_migrations VALUES(18,'accounts','0002_initial','2025-08-25 19:10:48.098596');
INSERT INTO django_migrations VALUES(19,'admin','0001_initial','2025-08-25 19:10:48.111006');
INSERT INTO django_migrations VALUES(20,'admin','0002_logentry_remove_auto_add','2025-08-25 19:10:48.150004');
INSERT INTO django_migrations VALUES(21,'admin','0003_logentry_add_action_flag_choices','2025-08-25 19:10:48.159919');
INSERT INTO django_migrations VALUES(22,'core','0002_newsandevents_summary_en_newsandevents_summary_ru_and_more','2025-08-25 19:10:48.171826');
INSERT INTO django_migrations VALUES(23,'core','0003_newsandevents_summary_es_newsandevents_summary_fr_and_more','2025-08-25 19:10:48.184512');
INSERT INTO django_migrations VALUES(24,'course','0002_course_summary_en_course_summary_ru_course_title_en_and_more','2025-08-25 19:10:48.257497');
INSERT INTO django_migrations VALUES(25,'course','0003_course_summary_es_course_summary_fr_course_title_es_and_more','2025-08-25 19:10:48.339262');
INSERT INTO django_migrations VALUES(26,'course','0004_alter_course_code_alter_course_credit_and_more','2025-08-25 19:10:48.459624');
INSERT INTO django_migrations VALUES(27,'dashboard','0001_initial','2025-08-25 19:10:48.463815');
INSERT INTO django_migrations VALUES(28,'dashboard','0002_auto_20201228_1929','2025-08-25 19:10:48.478717');
INSERT INTO django_migrations VALUES(29,'jet','0001_initial','2025-08-25 19:10:48.501862');
INSERT INTO django_migrations VALUES(30,'jet','0002_delete_userdashboardmodule','2025-08-25 19:10:48.502681');
INSERT INTO django_migrations VALUES(31,'jet','0003_auto_20201228_1540','2025-08-25 19:10:48.503369');
INSERT INTO django_migrations VALUES(32,'jet','0004_auto_20201228_1802','2025-08-25 19:10:48.504025');
INSERT INTO django_migrations VALUES(33,'payments','0001_initial','2025-08-25 19:10:48.518108');
INSERT INTO django_migrations VALUES(34,'quiz','0001_initial','2025-08-25 19:10:48.631480');
INSERT INTO django_migrations VALUES(35,'quiz','0002_choice_choice_en_choice_choice_ru_and_more','2025-08-25 19:10:48.703468');
INSERT INTO django_migrations VALUES(36,'quiz','0003_choice_choice_es_choice_choice_fr_and_more','2025-08-25 19:10:48.779501');
INSERT INTO django_migrations VALUES(37,'quiz','0004_alter_essayquestion_options_and_more','2025-08-25 19:10:48.910646');
INSERT INTO django_migrations VALUES(38,'result','0001_initial','2025-08-25 19:10:48.945282');
INSERT INTO django_migrations VALUES(39,'result','0002_alter_result_level_alter_takencourse_comment_and_more','2025-08-25 19:10:48.990286');
INSERT INTO django_migrations VALUES(40,'sessions','0001_initial','2025-08-25 19:10:48.995107');
INSERT INTO django_migrations VALUES(41,'jet','0001_squashed_0004_auto_20201228_1802','2025-08-25 19:10:48.996560');
INSERT INTO django_migrations VALUES(42,'core','0004_announcement','2025-08-27 14:46:05.189651');
INSERT INTO django_migrations VALUES(43,'dashboard','0003_alter_userdashboardmodule_id','2025-08-27 14:46:05.207118');
INSERT INTO django_migrations VALUES(44,'jet','0002_alter_bookmark_id_alter_pinnedapplication_id','2025-08-27 14:46:05.237778');
INSERT INTO django_migrations VALUES(45,'accounts','0003_lab_user_is_lab_assistant_user_is_librarian_and_more','2025-08-28 07:13:09.407508');
INSERT INTO django_migrations VALUES(46,'accounts','0004_remove_labassistant_lab_remove_labassistant_user_and_more','2025-08-28 07:17:40.305635');
INSERT INTO django_migrations VALUES(47,'core','0005_studentmetrics_predictionlog','2025-08-28 09:39:19.153971');
INSERT INTO django_migrations VALUES(48,'core','0006_batch_classroom_courseoffering_timetableslot','2025-08-29 18:08:30.235385');
INSERT INTO django_migrations VALUES(49,'core','0007_collegecalendar_attendancesession_attendance','2025-08-30 05:47:32.416974');
INSERT INTO django_migrations VALUES(50,'accounts','0005_user_batch','2025-08-31 18:50:17.250563');
INSERT INTO django_migrations VALUES(51,'core','0008_alter_semester_options_alter_semester_semester','2025-09-01 12:23:03.430663');
INSERT INTO django_migrations VALUES(52,'accounts','0006_student_semester','2025-09-01 12:31:40.103496');
INSERT INTO django_migrations VALUES(53,'core','0009_studentenrollment','2025-09-01 17:52:18.488509');
INSERT INTO django_migrations VALUES(54,'core','0010_studentfeedback','2025-09-01 19:48:55.449080');
INSERT INTO django_migrations VALUES(55,'course','0005_alter_course_semester','2025-09-01 20:21:13.081786');
INSERT INTO django_migrations VALUES(56,'result','0003_alter_result_semester','2025-09-01 20:21:13.126031');
INSERT INTO django_migrations VALUES(57,'core','0011_feedback','2025-09-02 14:14:23.121086');
INSERT INTO django_migrations VALUES(58,'core','0011_lecturer_feedback','2025-09-02 14:50:08.915696');
INSERT INTO django_migrations VALUES(59,'core','0012_add_lecturer_indexes','2025-09-02 15:08:45.720320');
INSERT INTO django_migrations VALUES(60,'core','0013_tuitionfee_studenttuitionfee','2025-09-03 10:32:06.908340');
CREATE TABLE IF NOT EXISTS "core_activitylog" ("id" integer NOT NULL PRIMARY KEY AUTOINCREMENT, "message" text NOT NULL, "created_at" datetime NOT NULL);
INSERT INTO core_activitylog VALUES(1,'The program ''B-Tech AI'' has been created.','2025-08-25 19:16:01.716785');
INSERT INTO core_activitylog VALUES(2,'The program ''B-Tech Computer Engineering'' has been created.','2025-08-26 07:46:26.508375');
INSERT INTO core_activitylog VALUES(3,'The course ''DBMS (7487)'' has been created.','2025-08-27 16:23:43.054001');
INSERT INTO core_activitylog VALUES(4,'The course ''Professional Communication (HUM20206)'' has been created.','2025-08-29 05:09:30.642424');
INSERT INTO core_activitylog VALUES(5,'The course ''Professional Communication (HUM20206)'' has been updated.','2025-08-29 05:10:43.690194');
INSERT INTO core_activitylog VALUES(6,'The program ''Computer Science'' has been created.','2025-08-29 18:11:06.685597');
INSERT INTO core_activitylog VALUES(7,'The course ''Introduction to Programming (CS101)'' has been created.','2025-08-29 18:11:06.689831');
INSERT INTO core_activitylog VALUES(8,'The course ''Data Structures (CS201)'' has been created.','2025-08-29 18:11:06.691460');
INSERT INTO core_activitylog VALUES(9,'The course ''Database Systems (CS301)'' has been created.','2025-08-29 18:11:06.693090');
INSERT INTO core_activitylog VALUES(10,'The program ''Artificial Intelligence'' has been created.','2025-08-29 18:55:21.745384');
INSERT INTO core_activitylog VALUES(11,'The program ''Data Science'' has been created.','2025-08-29 18:55:21.747700');
INSERT INTO core_activitylog VALUES(12,'The course ''Web Development (CS401)'' has been created.','2025-08-29 18:55:21.752795');
INSERT INTO core_activitylog VALUES(13,'The course ''Machine Learning (AI101)'' has been created.','2025-08-29 18:55:21.755218');
INSERT INTO core_activitylog VALUES(14,'The course ''Computer Vision (AI201)'' has been created.','2025-08-29 18:55:21.757637');
INSERT INTO core_activitylog VALUES(15,'The course ''Statistics (DS101)'' has been created.','2025-08-29 18:55:21.761385');
INSERT INTO core_activitylog VALUES(16,'The course ''Data Mining (DS201)'' has been created.','2025-08-29 18:55:21.763062');
INSERT INTO core_activitylog VALUES(17,'The course ''Web Development (CS401)'' has been deleted.','2025-08-29 19:00:07.162484');
INSERT INTO core_activitylog VALUES(18,'The course ''Database Systems (CS301)'' has been deleted.','2025-08-29 19:00:07.162946');
INSERT INTO core_activitylog VALUES(19,'The course ''Data Structures (CS201)'' has been deleted.','2025-08-29 19:00:07.163250');
INSERT INTO core_activitylog VALUES(20,'The course ''Introduction to Programming (CS101)'' has been deleted.','2025-08-29 19:00:07.163537');
INSERT INTO core_activitylog VALUES(21,'The program ''Computer Science'' has been deleted.','2025-08-29 19:00:07.164668');
INSERT INTO core_activitylog VALUES(22,'The course ''Computer Vision (AI201)'' has been deleted.','2025-08-29 19:00:09.010711');
INSERT INTO core_activitylog VALUES(23,'The course ''Machine Learning (AI101)'' has been deleted.','2025-08-29 19:00:09.010906');
INSERT INTO core_activitylog VALUES(24,'The program ''Artificial Intelligence'' has been deleted.','2025-08-29 19:00:09.011367');
INSERT INTO core_activitylog VALUES(25,'The course ''Data Mining (DS201)'' has been deleted.','2025-08-29 19:00:10.808136');
INSERT INTO core_activitylog VALUES(26,'The course ''Statistics (DS101)'' has been deleted.','2025-08-29 19:00:10.808327');
INSERT INTO core_activitylog VALUES(27,'The program ''Data Science'' has been deleted.','2025-08-29 19:00:10.808766');
INSERT INTO core_activitylog VALUES(28,'The program ''B-Tech Civil'' has been created.','2025-08-29 19:00:24.294969');
INSERT INTO core_activitylog VALUES(29,'The course ''Engineering Drawing (mec)'' has been created.','2025-08-29 19:01:00.824672');
INSERT INTO core_activitylog VALUES(30,'The course ''EM I (Mth)'' has been created.','2025-08-29 19:01:51.541942');
INSERT INTO core_activitylog VALUES(31,'The course ''Discrete Mathematics (Mth 1)'' has been created.','2025-08-29 19:02:30.365928');
INSERT INTO core_activitylog VALUES(32,'The course ''PPST (cse2)'' has been created.','2025-08-29 19:02:53.881955');
INSERT INTO core_activitylog VALUES(33,'The course ''C++ (cse1)'' has been created.','2025-08-29 19:03:37.405094');
INSERT INTO core_activitylog VALUES(34,'The course ''BIOLOGY (bio)'' has been created.','2025-08-29 19:04:03.716352');
INSERT INTO core_activitylog VALUES(35,'The course ''Digital Electronics (ce)'' has been created.','2025-08-29 19:04:30.794676');
INSERT INTO core_activitylog VALUES(36,'The course ''Humanities (hum2)'' has been created.','2025-08-29 19:04:57.051711');
INSERT INTO core_activitylog VALUES(37,'The course ''DBMS Lab (csel)'' has been created.','2025-08-29 19:05:33.468984');
INSERT INTO core_activitylog VALUES(38,'The course ''C++ Lab (cse34)'' has been created.','2025-08-29 19:05:59.100818');
INSERT INTO core_activitylog VALUES(39,'The course ''PPST Lab (cse83)'' has been created.','2025-08-29 19:06:23.271125');
INSERT INTO core_activitylog VALUES(40,'The program ''Computer Science'' has been created.','2025-08-30 05:48:55.732693');
INSERT INTO core_activitylog VALUES(41,'The course ''Introduction to Programming (CS101)'' has been created.','2025-08-30 05:48:55.744918');
INSERT INTO core_activitylog VALUES(42,'The course ''Introduction to Programming (CS101)'' has been deleted.','2025-09-01 12:10:34.804811');
INSERT INTO core_activitylog VALUES(43,'The program ''Computer Science'' has been deleted.','2025-09-01 12:10:34.806076');
INSERT INTO core_activitylog VALUES(44,'The program ''Test Program'' has been created.','2025-09-01 12:33:04.924809');
INSERT INTO core_activitylog VALUES(45,'The program ''Default Program'' has been created.','2025-09-01 13:22:24.081408');
INSERT INTO core_activitylog VALUES(46,'The program ''Test Program'' has been deleted.','2025-09-02 17:14:46.682585');
INSERT INTO core_activitylog VALUES(47,'The program ''Default Program'' has been deleted.','2025-09-02 17:15:09.929290');
INSERT INTO core_activitylog VALUES(48,'The course ''Universal Human Values (BAINHUH125)'' has been created.','2025-09-02 17:19:02.211232');
INSERT INTO core_activitylog VALUES(49,'The course ''Biology For Engineers (BAINBBE125)'' has been updated.','2025-09-02 17:20:01.249383');
INSERT INTO core_activitylog VALUES(50,'The course ''PPST (C) (BAINEPP125)'' has been updated.','2025-09-02 17:20:40.571613');
INSERT INTO core_activitylog VALUES(51,'The course ''EM I (BAINBMT125)'' has been updated.','2025-09-02 17:21:09.311197');
INSERT INTO core_activitylog VALUES(52,'The course ''Engineering Graphics (BAINEEG125)'' has been updated.','2025-09-02 17:21:41.751589');
INSERT INTO core_activitylog VALUES(53,'The course ''Professional Communication (BAINHPC125)'' has been updated.','2025-09-02 17:22:09.819044');
INSERT INTO core_activitylog VALUES(54,'The course ''Engineering Physics (BAINBPH125)'' has been created.','2025-09-02 17:22:59.689342');
INSERT INTO core_activitylog VALUES(55,'The course ''Discrete Mathematics (MTH30124)'' has been updated.','2025-09-02 17:26:06.732308');
INSERT INTO core_activitylog VALUES(56,'The course ''OOP Using C++ (CSE30224)'' has been updated.','2025-09-02 17:26:43.309102');
INSERT INTO core_activitylog VALUES(57,'The course ''DBMS (CSE30424)'' has been updated.','2025-09-02 17:27:11.154023');
INSERT INTO core_activitylog VALUES(58,'The course ''Digital Electronics (CSE30324)'' has been created.','2025-09-02 17:27:46.537702');
INSERT INTO core_activitylog VALUES(59,'The course ''Introduction to AI (CSE30524)'' has been created.','2025-09-02 17:28:20.346423');
INSERT INTO core_activitylog VALUES(60,'The course ''OOP Using C++ Lab (CSE30224L)'' has been created.','2025-09-02 17:29:01.022572');
INSERT INTO core_activitylog VALUES(61,'The course ''DIgital Electronics Lab (CSE30324L)'' has been created.','2025-09-02 17:30:17.722266');
INSERT INTO core_activitylog VALUES(62,'The course ''DBMS Lab (CSE30424L)'' has been updated.','2025-09-02 17:30:49.613510');
INSERT INTO core_activitylog VALUES(63,'The course ''Software Tools & Techniques (CSE30625)'' has been created.','2025-09-02 17:31:33.711987');
INSERT INTO core_activitylog VALUES(64,'The course ''Discrete Mathematical Structures (MTH30120)'' has been created.','2025-09-02 17:32:54.115762');
INSERT INTO core_activitylog VALUES(65,'The course ''OOPS Using Java (CSE30220)'' has been created.','2025-09-02 17:33:26.903756');
INSERT INTO core_activitylog VALUES(66,'The course ''DBMS (CSE30320)'' has been created.','2025-09-02 17:33:56.728581');
INSERT INTO core_activitylog VALUES(67,'The course ''Digital Systems Design (CSE30420)'' has been created.','2025-09-02 17:34:34.106236');
INSERT INTO core_activitylog VALUES(68,'The course ''Signals & Systems (ECE30520)'' has been created.','2025-09-02 17:35:15.483829');
INSERT INTO core_activitylog VALUES(69,'The course ''OOPS Using Java Lab (CSE30220L)'' has been created.','2025-09-02 17:35:47.278592');
INSERT INTO core_activitylog VALUES(70,'The course ''DBMS Lab (CSE30320L)'' has been created.','2025-09-02 17:36:11.115280');
INSERT INTO core_activitylog VALUES(71,'The course ''Digital Systems Design Lab (ECE30420L)'' has been created.','2025-09-02 17:36:58.159957');
CREATE TABLE IF NOT EXISTS "core_session" ("id" integer NOT NULL PRIMARY KEY AUTOINCREMENT, "session" varchar(200) NOT NULL UNIQUE, "is_current_session" bool NULL, "next_session_begins" date NULL);
INSERT INTO core_session VALUES(1,'2025',1,'2026-02-01');
INSERT INTO core_session VALUES(2,'Test Session',0,'2025-06-01');
CREATE TABLE IF NOT EXISTS "course_courseoffer" ("id" integer NOT NULL PRIMARY KEY AUTOINCREMENT, "dep_head_id" bigint NOT NULL REFERENCES "accounts_departmenthead" ("id") DEFERRABLE INITIALLY DEFERRED);
CREATE TABLE IF NOT EXISTS "course_courseallocation" ("id" integer NOT NULL PRIMARY KEY AUTOINCREMENT, "lecturer_id" bigint NOT NULL REFERENCES "accounts_user" ("id") DEFERRABLE INITIALLY DEFERRED, "session_id" bigint NULL REFERENCES "core_session" ("id") DEFERRABLE INITIALLY DEFERRED);
CREATE TABLE IF NOT EXISTS "course_courseallocation_courses" ("id" integer NOT NULL PRIMARY KEY AUTOINCREMENT, "courseallocation_id" bigint NOT NULL REFERENCES "course_courseallocation" ("id") DEFERRABLE INITIALLY DEFERRED, "course_id" bigint NOT NULL REFERENCES "course_course" ("id") DEFERRABLE INITIALLY DEFERRED);
CREATE TABLE IF NOT EXISTS "django_content_type" ("id" integer NOT NULL PRIMARY KEY AUTOINCREMENT, "app_label" varchar(100) NOT NULL, "model" varchar(100) NOT NULL);
INSERT INTO django_content_type VALUES(1,'dashboard','userdashboardmodule');
INSERT INTO django_content_type VALUES(2,'jet','bookmark');
INSERT INTO django_content_type VALUES(3,'jet','pinnedapplication');
INSERT INTO django_content_type VALUES(4,'admin','logentry');
INSERT INTO django_content_type VALUES(5,'auth','permission');
INSERT INTO django_content_type VALUES(6,'auth','group');
INSERT INTO django_content_type VALUES(7,'contenttypes','contenttype');
INSERT INTO django_content_type VALUES(8,'sessions','session');
INSERT INTO django_content_type VALUES(9,'core','activitylog');
INSERT INTO django_content_type VALUES(10,'core','newsandevents');
INSERT INTO django_content_type VALUES(11,'core','session');
INSERT INTO django_content_type VALUES(12,'core','semester');
INSERT INTO django_content_type VALUES(13,'accounts','user');
INSERT INTO django_content_type VALUES(14,'accounts','departmenthead');
INSERT INTO django_content_type VALUES(15,'accounts','parent');
INSERT INTO django_content_type VALUES(16,'accounts','student');
INSERT INTO django_content_type VALUES(17,'course','course');
INSERT INTO django_content_type VALUES(18,'course','program');
INSERT INTO django_content_type VALUES(19,'course','uploadvideo');
INSERT INTO django_content_type VALUES(20,'course','upload');
INSERT INTO django_content_type VALUES(21,'course','courseoffer');
INSERT INTO django_content_type VALUES(22,'course','courseallocation');
INSERT INTO django_content_type VALUES(23,'result','takencourse');
INSERT INTO django_content_type VALUES(24,'result','result');
INSERT INTO django_content_type VALUES(25,'quiz','question');
INSERT INTO django_content_type VALUES(26,'quiz','quiz');
INSERT INTO django_content_type VALUES(27,'quiz','essayquestion');
INSERT INTO django_content_type VALUES(28,'quiz','mcquestion');
INSERT INTO django_content_type VALUES(29,'quiz','sitting');
INSERT INTO django_content_type VALUES(30,'quiz','progress');
INSERT INTO django_content_type VALUES(31,'quiz','choice');
INSERT INTO django_content_type VALUES(32,'payments','invoice');
INSERT INTO django_content_type VALUES(33,'core','announcement');
INSERT INTO django_content_type VALUES(34,'accounts','lab');
INSERT INTO django_content_type VALUES(35,'accounts','officeassistant');
INSERT INTO django_content_type VALUES(36,'accounts','librarian');
INSERT INTO django_content_type VALUES(37,'accounts','labassistant');
INSERT INTO django_content_type VALUES(38,'core','studentmetrics');
INSERT INTO django_content_type VALUES(39,'core','predictionlog');
INSERT INTO django_content_type VALUES(40,'core','batch');
INSERT INTO django_content_type VALUES(41,'core','courseoffering');
INSERT INTO django_content_type VALUES(42,'core','timetableslot');
INSERT INTO django_content_type VALUES(43,'core','classroom');
INSERT INTO django_content_type VALUES(44,'core','collegecalendar');
INSERT INTO django_content_type VALUES(45,'core','attendance');
INSERT INTO django_content_type VALUES(46,'core','attendancesession');
INSERT INTO django_content_type VALUES(47,'core','studentenrollment');
INSERT INTO django_content_type VALUES(48,'core','studentfeedback');
INSERT INTO django_content_type VALUES(49,'core','feedback');
INSERT INTO django_content_type VALUES(50,'core','lecturer');
INSERT INTO django_content_type VALUES(51,'core','tuitionfee');
INSERT INTO django_content_type VALUES(52,'core','studenttuitionfee');
CREATE TABLE IF NOT EXISTS "auth_group_permissions" ("id" integer NOT NULL PRIMARY KEY AUTOINCREMENT, "group_id" integer NOT NULL REFERENCES "auth_group" ("id") DEFERRABLE INITIALLY DEFERRED, "permission_id" integer NOT NULL REFERENCES "auth_permission" ("id") DEFERRABLE INITIALLY DEFERRED);
CREATE TABLE IF NOT EXISTS "auth_permission" ("id" integer NOT NULL PRIMARY KEY AUTOINCREMENT, "content_type_id" integer NOT NULL REFERENCES "django_content_type" ("id") DEFERRABLE INITIALLY DEFERRED, "codename" varchar(100) NOT NULL, "name" varchar(255) NOT NULL);
INSERT INTO auth_permission VALUES(1,1,'add_userdashboardmodule','Can add user dashboard module');
INSERT INTO auth_permission VALUES(2,1,'change_userdashboardmodule','Can change user dashboard module');
INSERT INTO auth_permission VALUES(3,1,'delete_userdashboardmodule','Can delete user dashboard module');
INSERT INTO auth_permission VALUES(4,1,'view_userdashboardmodule','Can view user dashboard module');
INSERT INTO auth_permission VALUES(5,2,'add_bookmark','Can add bookmark');
INSERT INTO auth_permission VALUES(6,2,'change_bookmark','Can change bookmark');
INSERT INTO auth_permission VALUES(7,2,'delete_bookmark','Can delete bookmark');
INSERT INTO auth_permission VALUES(8,2,'view_bookmark','Can view bookmark');
INSERT INTO auth_permission VALUES(9,3,'add_pinnedapplication','Can add pinned application');
INSERT INTO auth_permission VALUES(10,3,'change_pinnedapplication','Can change pinned application');
INSERT INTO auth_permission VALUES(11,3,'delete_pinnedapplication','Can delete pinned application');
INSERT INTO auth_permission VALUES(12,3,'view_pinnedapplication','Can view pinned application');
INSERT INTO auth_permission VALUES(13,4,'add_logentry','Can add log entry');
INSERT INTO auth_permission VALUES(14,4,'change_logentry','Can change log entry');
INSERT INTO auth_permission VALUES(15,4,'delete_logentry','Can delete log entry');
INSERT INTO auth_permission VALUES(16,4,'view_logentry','Can view log entry');
INSERT INTO auth_permission VALUES(17,5,'add_permission','Can add permission');
INSERT INTO auth_permission VALUES(18,5,'change_permission','Can change permission');
INSERT INTO auth_permission VALUES(19,5,'delete_permission','Can delete permission');
INSERT INTO auth_permission VALUES(20,5,'view_permission','Can view permission');
INSERT INTO auth_permission VALUES(21,6,'add_group','Can add group');
INSERT INTO auth_permission VALUES(22,6,'change_group','Can change group');
INSERT INTO auth_permission VALUES(23,6,'delete_group','Can delete group');
INSERT INTO auth_permission VALUES(24,6,'view_group','Can view group');
INSERT INTO auth_permission VALUES(25,7,'add_contenttype','Can add content type');
INSERT INTO auth_permission VALUES(26,7,'change_contenttype','Can change content type');
INSERT INTO auth_permission VALUES(27,7,'delete_contenttype','Can delete content type');
INSERT INTO auth_permission VALUES(28,7,'view_contenttype','Can view content type');
INSERT INTO auth_permission VALUES(29,8,'add_session','Can add session');
INSERT INTO auth_permission VALUES(30,8,'change_session','Can change session');
INSERT INTO auth_permission VALUES(31,8,'delete_session','Can delete session');
INSERT INTO auth_permission VALUES(32,8,'view_session','Can view session');
INSERT INTO auth_permission VALUES(33,9,'add_activitylog','Can add activity log');
INSERT INTO auth_permission VALUES(34,9,'change_activitylog','Can change activity log');
INSERT INTO auth_permission VALUES(35,9,'delete_activitylog','Can delete activity log');
INSERT INTO auth_permission VALUES(36,9,'view_activitylog','Can view activity log');
INSERT INTO auth_permission VALUES(37,10,'add_newsandevents','Can add news and events');
INSERT INTO auth_permission VALUES(38,10,'change_newsandevents','Can change news and events');
INSERT INTO auth_permission VALUES(39,10,'delete_newsandevents','Can delete news and events');
INSERT INTO auth_permission VALUES(40,10,'view_newsandevents','Can view news and events');
INSERT INTO auth_permission VALUES(41,11,'add_session','Can add session');
INSERT INTO auth_permission VALUES(42,11,'change_session','Can change session');
INSERT INTO auth_permission VALUES(43,11,'delete_session','Can delete session');
INSERT INTO auth_permission VALUES(44,11,'view_session','Can view session');
INSERT INTO auth_permission VALUES(45,12,'add_semester','Can add semester');
INSERT INTO auth_permission VALUES(46,12,'change_semester','Can change semester');
INSERT INTO auth_permission VALUES(47,12,'delete_semester','Can delete semester');
INSERT INTO auth_permission VALUES(48,12,'view_semester','Can view semester');
INSERT INTO auth_permission VALUES(49,13,'add_user','Can add user');
INSERT INTO auth_permission VALUES(50,13,'change_user','Can change user');
INSERT INTO auth_permission VALUES(51,13,'delete_user','Can delete user');
INSERT INTO auth_permission VALUES(52,13,'view_user','Can view user');
INSERT INTO auth_permission VALUES(53,14,'add_departmenthead','Can add department head');
INSERT INTO auth_permission VALUES(54,14,'change_departmenthead','Can change department head');
INSERT INTO auth_permission VALUES(55,14,'delete_departmenthead','Can delete department head');
INSERT INTO auth_permission VALUES(56,14,'view_departmenthead','Can view department head');
INSERT INTO auth_permission VALUES(57,15,'add_parent','Can add parent');
INSERT INTO auth_permission VALUES(58,15,'change_parent','Can change parent');
INSERT INTO auth_permission VALUES(59,15,'delete_parent','Can delete parent');
INSERT INTO auth_permission VALUES(60,15,'view_parent','Can view parent');
INSERT INTO auth_permission VALUES(61,16,'add_student','Can add student');
INSERT INTO auth_permission VALUES(62,16,'change_student','Can change student');
INSERT INTO auth_permission VALUES(63,16,'delete_student','Can delete student');
INSERT INTO auth_permission VALUES(64,16,'view_student','Can view student');
INSERT INTO auth_permission VALUES(65,17,'add_course','Can add course');
INSERT INTO auth_permission VALUES(66,17,'change_course','Can change course');
INSERT INTO auth_permission VALUES(67,17,'delete_course','Can delete course');
INSERT INTO auth_permission VALUES(68,17,'view_course','Can view course');
INSERT INTO auth_permission VALUES(69,18,'add_program','Can add program');
INSERT INTO auth_permission VALUES(70,18,'change_program','Can change program');
INSERT INTO auth_permission VALUES(71,18,'delete_program','Can delete program');
INSERT INTO auth_permission VALUES(72,18,'view_program','Can view program');
INSERT INTO auth_permission VALUES(73,19,'add_uploadvideo','Can add upload video');
INSERT INTO auth_permission VALUES(74,19,'change_uploadvideo','Can change upload video');
INSERT INTO auth_permission VALUES(75,19,'delete_uploadvideo','Can delete upload video');
INSERT INTO auth_permission VALUES(76,19,'view_uploadvideo','Can view upload video');
INSERT INTO auth_permission VALUES(77,20,'add_upload','Can add upload');
INSERT INTO auth_permission VALUES(78,20,'change_upload','Can change upload');
INSERT INTO auth_permission VALUES(79,20,'delete_upload','Can delete upload');
INSERT INTO auth_permission VALUES(80,20,'view_upload','Can view upload');
INSERT INTO auth_permission VALUES(81,21,'add_courseoffer','Can add course offer');
INSERT INTO auth_permission VALUES(82,21,'change_courseoffer','Can change course offer');
INSERT INTO auth_permission VALUES(83,21,'delete_courseoffer','Can delete course offer');
INSERT INTO auth_permission VALUES(84,21,'view_courseoffer','Can view course offer');
INSERT INTO auth_permission VALUES(85,22,'add_courseallocation','Can add course allocation');
INSERT INTO auth_permission VALUES(86,22,'change_courseallocation','Can change course allocation');
INSERT INTO auth_permission VALUES(87,22,'delete_courseallocation','Can delete course allocation');
INSERT INTO auth_permission VALUES(88,22,'view_courseallocation','Can view course allocation');
INSERT INTO auth_permission VALUES(89,23,'add_takencourse','Can add taken course');
INSERT INTO auth_permission VALUES(90,23,'change_takencourse','Can change taken course');
INSERT INTO auth_permission VALUES(91,23,'delete_takencourse','Can delete taken course');
INSERT INTO auth_permission VALUES(92,23,'view_takencourse','Can view taken course');
INSERT INTO auth_permission VALUES(93,24,'add_result','Can add result');
INSERT INTO auth_permission VALUES(94,24,'change_result','Can change result');
INSERT INTO auth_permission VALUES(95,24,'delete_result','Can delete result');
INSERT INTO auth_permission VALUES(96,24,'view_result','Can view result');
INSERT INTO auth_permission VALUES(97,25,'add_question','Can add Question');
INSERT INTO auth_permission VALUES(98,25,'change_question','Can change Question');
INSERT INTO auth_permission VALUES(99,25,'delete_question','Can delete Question');
INSERT INTO auth_permission VALUES(100,25,'view_question','Can view Question');
INSERT INTO auth_permission VALUES(101,26,'add_quiz','Can add Quiz');
INSERT INTO auth_permission VALUES(102,26,'change_quiz','Can change Quiz');
INSERT INTO auth_permission VALUES(103,26,'delete_quiz','Can delete Quiz');
INSERT INTO auth_permission VALUES(104,26,'view_quiz','Can view Quiz');
INSERT INTO auth_permission VALUES(105,27,'add_essayquestion','Can add Essay Style Question');
INSERT INTO auth_permission VALUES(106,27,'change_essayquestion','Can change Essay Style Question');
INSERT INTO auth_permission VALUES(107,27,'delete_essayquestion','Can delete Essay Style Question');
INSERT INTO auth_permission VALUES(108,27,'view_essayquestion','Can view Essay Style Question');
INSERT INTO auth_permission VALUES(109,28,'add_mcquestion','Can add Multiple Choice Question');
INSERT INTO auth_permission VALUES(110,28,'change_mcquestion','Can change Multiple Choice Question');
INSERT INTO auth_permission VALUES(111,28,'delete_mcquestion','Can delete Multiple Choice Question');
INSERT INTO auth_permission VALUES(112,28,'view_mcquestion','Can view Multiple Choice Question');
INSERT INTO auth_permission VALUES(113,29,'add_sitting','Can add sitting');
INSERT INTO auth_permission VALUES(114,29,'change_sitting','Can change sitting');
INSERT INTO auth_permission VALUES(115,29,'delete_sitting','Can delete sitting');
INSERT INTO auth_permission VALUES(116,29,'view_sitting','Can view sitting');
INSERT INTO auth_permission VALUES(117,29,'view_sittings','Can see completed exams.');
INSERT INTO auth_permission VALUES(118,30,'add_progress','Can add User Progress');
INSERT INTO auth_permission VALUES(119,30,'change_progress','Can change User Progress');
INSERT INTO auth_permission VALUES(120,30,'delete_progress','Can delete User Progress');
INSERT INTO auth_permission VALUES(121,30,'view_progress','Can view User Progress');
INSERT INTO auth_permission VALUES(122,31,'add_choice','Can add Choice');
INSERT INTO auth_permission VALUES(123,31,'change_choice','Can change Choice');
INSERT INTO auth_permission VALUES(124,31,'delete_choice','Can delete Choice');
INSERT INTO auth_permission VALUES(125,31,'view_choice','Can view Choice');
INSERT INTO auth_permission VALUES(126,32,'add_invoice','Can add invoice');
INSERT INTO auth_permission VALUES(127,32,'change_invoice','Can change invoice');
INSERT INTO auth_permission VALUES(128,32,'delete_invoice','Can delete invoice');
INSERT INTO auth_permission VALUES(129,32,'view_invoice','Can view invoice');
INSERT INTO auth_permission VALUES(130,33,'add_announcement','Can add announcement');
INSERT INTO auth_permission VALUES(131,33,'change_announcement','Can change announcement');
INSERT INTO auth_permission VALUES(132,33,'delete_announcement','Can delete announcement');
INSERT INTO auth_permission VALUES(133,33,'view_announcement','Can view announcement');
INSERT INTO auth_permission VALUES(134,34,'add_lab','Can add lab');
INSERT INTO auth_permission VALUES(135,34,'change_lab','Can change lab');
INSERT INTO auth_permission VALUES(136,34,'delete_lab','Can delete lab');
INSERT INTO auth_permission VALUES(137,34,'view_lab','Can view lab');
INSERT INTO auth_permission VALUES(138,35,'add_officeassistant','Can add office assistant');
INSERT INTO auth_permission VALUES(139,35,'change_officeassistant','Can change office assistant');
INSERT INTO auth_permission VALUES(140,35,'delete_officeassistant','Can delete office assistant');
INSERT INTO auth_permission VALUES(141,35,'view_officeassistant','Can view office assistant');
INSERT INTO auth_permission VALUES(142,36,'add_librarian','Can add librarian');
INSERT INTO auth_permission VALUES(143,36,'change_librarian','Can change librarian');
INSERT INTO auth_permission VALUES(144,36,'delete_librarian','Can delete librarian');
INSERT INTO auth_permission VALUES(145,36,'view_librarian','Can view librarian');
INSERT INTO auth_permission VALUES(146,37,'add_labassistant','Can add lab assistant');
INSERT INTO auth_permission VALUES(147,37,'change_labassistant','Can change lab assistant');
INSERT INTO auth_permission VALUES(148,37,'delete_labassistant','Can delete lab assistant');
INSERT INTO auth_permission VALUES(149,37,'view_labassistant','Can view lab assistant');
INSERT INTO auth_permission VALUES(150,38,'add_studentmetrics','Can add student metrics');
INSERT INTO auth_permission VALUES(151,38,'change_studentmetrics','Can change student metrics');
INSERT INTO auth_permission VALUES(152,38,'delete_studentmetrics','Can delete student metrics');
INSERT INTO auth_permission VALUES(153,38,'view_studentmetrics','Can view student metrics');
INSERT INTO auth_permission VALUES(154,39,'add_predictionlog','Can add prediction log');
INSERT INTO auth_permission VALUES(155,39,'change_predictionlog','Can change prediction log');
INSERT INTO auth_permission VALUES(156,39,'delete_predictionlog','Can delete prediction log');
INSERT INTO auth_permission VALUES(157,39,'view_predictionlog','Can view prediction log');
INSERT INTO auth_permission VALUES(158,40,'add_batch','Can add batch');
INSERT INTO auth_permission VALUES(159,40,'change_batch','Can change batch');
INSERT INTO auth_permission VALUES(160,40,'delete_batch','Can delete batch');
INSERT INTO auth_permission VALUES(161,40,'view_batch','Can view batch');
INSERT INTO auth_permission VALUES(162,41,'add_courseoffering','Can add course offering');
INSERT INTO auth_permission VALUES(163,41,'change_courseoffering','Can change course offering');
INSERT INTO auth_permission VALUES(164,41,'delete_courseoffering','Can delete course offering');
INSERT INTO auth_permission VALUES(165,41,'view_courseoffering','Can view course offering');
INSERT INTO auth_permission VALUES(166,42,'add_timetableslot','Can add timetable slot');
INSERT INTO auth_permission VALUES(167,42,'change_timetableslot','Can change timetable slot');
INSERT INTO auth_permission VALUES(168,42,'delete_timetableslot','Can delete timetable slot');
INSERT INTO auth_permission VALUES(169,42,'view_timetableslot','Can view timetable slot');
INSERT INTO auth_permission VALUES(170,43,'add_classroom','Can add classroom');
INSERT INTO auth_permission VALUES(171,43,'change_classroom','Can change classroom');
INSERT INTO auth_permission VALUES(172,43,'delete_classroom','Can delete classroom');
INSERT INTO auth_permission VALUES(173,43,'view_classroom','Can view classroom');
INSERT INTO auth_permission VALUES(174,44,'add_collegecalendar','Can add college calendar');
INSERT INTO auth_permission VALUES(175,44,'change_collegecalendar','Can change college calendar');
INSERT INTO auth_permission VALUES(176,44,'delete_collegecalendar','Can delete college calendar');
INSERT INTO auth_permission VALUES(177,44,'view_collegecalendar','Can view college calendar');
INSERT INTO auth_permission VALUES(178,45,'add_attendance','Can add attendance');
INSERT INTO auth_permission VALUES(179,45,'change_attendance','Can change attendance');
INSERT INTO auth_permission VALUES(180,45,'delete_attendance','Can delete attendance');
INSERT INTO auth_permission VALUES(181,45,'view_attendance','Can view attendance');
INSERT INTO auth_permission VALUES(182,46,'add_attendancesession','Can add attendance session');
INSERT INTO auth_permission VALUES(183,46,'change_attendancesession','Can change attendance session');
INSERT INTO auth_permission VALUES(184,46,'delete_attendancesession','Can delete attendance session');
INSERT INTO auth_permission VALUES(185,46,'view_attendancesession','Can view attendance session');
INSERT INTO auth_permission VALUES(186,47,'add_studentenrollment','Can add student enrollment');
INSERT INTO auth_permission VALUES(187,47,'change_studentenrollment','Can change student enrollment');
INSERT INTO auth_permission VALUES(188,47,'delete_studentenrollment','Can delete student enrollment');
INSERT INTO auth_permission VALUES(189,47,'view_studentenrollment','Can view student enrollment');
INSERT INTO auth_permission VALUES(190,48,'add_studentfeedback','Can add Student Feedback');
INSERT INTO auth_permission VALUES(191,48,'change_studentfeedback','Can change Student Feedback');
INSERT INTO auth_permission VALUES(192,48,'delete_studentfeedback','Can delete Student Feedback');
INSERT INTO auth_permission VALUES(193,48,'view_studentfeedback','Can view Student Feedback');
INSERT INTO auth_permission VALUES(194,49,'add_feedback','Can add feedback');
INSERT INTO auth_permission VALUES(195,49,'change_feedback','Can change feedback');
INSERT INTO auth_permission VALUES(196,49,'delete_feedback','Can delete feedback');
INSERT INTO auth_permission VALUES(197,49,'view_feedback','Can view feedback');
INSERT INTO auth_permission VALUES(198,50,'add_lecturer','Can add lecturer');
INSERT INTO auth_permission VALUES(199,50,'change_lecturer','Can change lecturer');
INSERT INTO auth_permission VALUES(200,50,'delete_lecturer','Can delete lecturer');
INSERT INTO auth_permission VALUES(201,50,'view_lecturer','Can view lecturer');
INSERT INTO auth_permission VALUES(202,51,'add_tuitionfee','Can add tuition fee');
INSERT INTO auth_permission VALUES(203,51,'change_tuitionfee','Can change tuition fee');
INSERT INTO auth_permission VALUES(204,51,'delete_tuitionfee','Can delete tuition fee');
INSERT INTO auth_permission VALUES(205,51,'view_tuitionfee','Can view tuition fee');
INSERT INTO auth_permission VALUES(206,52,'add_studenttuitionfee','Can add student tuition fee');
INSERT INTO auth_permission VALUES(207,52,'change_studenttuitionfee','Can change student tuition fee');
INSERT INTO auth_permission VALUES(208,52,'delete_studenttuitionfee','Can delete student tuition fee');
INSERT INTO auth_permission VALUES(209,52,'view_studenttuitionfee','Can view student tuition fee');
CREATE TABLE IF NOT EXISTS "auth_group" ("id" integer NOT NULL PRIMARY KEY AUTOINCREMENT, "name" varchar(150) NOT NULL UNIQUE);
CREATE TABLE IF NOT EXISTS "accounts_parent" ("id" integer NOT NULL PRIMARY KEY AUTOINCREMENT, "first_name" varchar(120) NOT NULL, "last_name" varchar(120) NOT NULL, "phone" varchar(60) NULL, "email" varchar(254) NULL, "relation_ship" text NOT NULL, "student_id" bigint NULL UNIQUE REFERENCES "accounts_student" ("id") DEFERRABLE INITIALLY DEFERRED, "user_id" bigint NOT NULL UNIQUE REFERENCES "accounts_user" ("id") DEFERRABLE INITIALLY DEFERRED);
CREATE TABLE IF NOT EXISTS "accounts_departmenthead" ("id" integer NOT NULL PRIMARY KEY AUTOINCREMENT, "department_id" bigint NULL REFERENCES "course_program" ("id") DEFERRABLE INITIALLY DEFERRED, "user_id" bigint NOT NULL UNIQUE REFERENCES "accounts_user" ("id") DEFERRABLE INITIALLY DEFERRED);
CREATE TABLE IF NOT EXISTS "accounts_user_groups" ("id" integer NOT NULL PRIMARY KEY AUTOINCREMENT, "user_id" bigint NOT NULL REFERENCES "accounts_user" ("id") DEFERRABLE INITIALLY DEFERRED, "group_id" integer NOT NULL REFERENCES "auth_group" ("id") DEFERRABLE INITIALLY DEFERRED);
CREATE TABLE IF NOT EXISTS "accounts_user_user_permissions" ("id" integer NOT NULL PRIMARY KEY AUTOINCREMENT, "user_id" bigint NOT NULL REFERENCES "accounts_user" ("id") DEFERRABLE INITIALLY DEFERRED, "permission_id" integer NOT NULL REFERENCES "auth_permission" ("id") DEFERRABLE INITIALLY DEFERRED);
CREATE TABLE IF NOT EXISTS "django_admin_log" ("id" integer NOT NULL PRIMARY KEY AUTOINCREMENT, "action_time" datetime NOT NULL, "object_id" text NULL, "object_repr" varchar(200) NOT NULL, "change_message" text NOT NULL, "content_type_id" integer NULL REFERENCES "django_content_type" ("id") DEFERRABLE INITIALLY DEFERRED, "user_id" bigint NOT NULL REFERENCES "accounts_user" ("id") DEFERRABLE INITIALLY DEFERRED, "action_flag" smallint unsigned NOT NULL CHECK ("action_flag" >= 0));
CREATE TABLE IF NOT EXISTS "core_newsandevents" ("id" integer NOT NULL PRIMARY KEY AUTOINCREMENT, "title" varchar(200) NULL, "summary" text NULL, "posted_as" varchar(10) NOT NULL, "updated_date" datetime NULL, "upload_time" datetime NULL, "summary_en" text NULL, "summary_ru" text NULL, "title_en" varchar(200) NULL, "title_ru" varchar(200) NULL, "summary_es" text NULL, "summary_fr" text NULL, "title_es" varchar(200) NULL, "title_fr" varchar(200) NULL);
INSERT INTO core_newsandevents VALUES(4,'(15-09-2025) Happy Inauguration Day 🎉','','Event','2025-09-03 10:40:52.699540','2025-09-01 19:40:31.107707','',NULL,'(15-09-2025) Happy Inauguration Day 🎉',NULL,NULL,NULL,NULL,NULL);
CREATE TABLE IF NOT EXISTS "course_program" ("id" integer NOT NULL PRIMARY KEY AUTOINCREMENT, "title" varchar(150) NOT NULL UNIQUE, "summary_en" text NULL, "summary_ru" text NULL, "title_en" varchar(150) NULL UNIQUE, "title_ru" varchar(150) NULL UNIQUE, "summary_es" text NULL, "summary_fr" text NULL, "title_es" varchar(150) NULL UNIQUE, "title_fr" varchar(150) NULL UNIQUE, "summary" text NOT NULL);
INSERT INTO course_program VALUES(1,'B-Tech AI',NULL,NULL,'B-Tech AI',NULL,NULL,NULL,NULL,NULL,'');
INSERT INTO course_program VALUES(2,'B-Tech Computer Engineering',NULL,NULL,'B-Tech Computer Engineering',NULL,NULL,NULL,NULL,NULL,'');
INSERT INTO course_program VALUES(6,'B-Tech Civil',NULL,NULL,'B-Tech Civil',NULL,NULL,NULL,NULL,NULL,'');
CREATE TABLE IF NOT EXISTS "course_upload" ("id" integer NOT NULL PRIMARY KEY AUTOINCREMENT, "title" varchar(100) NOT NULL, "file" varchar(100) NOT NULL, "updated_date" datetime NOT NULL, "course_id" bigint NOT NULL REFERENCES "course_course" ("id") DEFERRABLE INITIALLY DEFERRED, "title_en" varchar(100) NULL, "title_ru" varchar(100) NULL, "title_es" varchar(100) NULL, "title_fr" varchar(100) NULL, "upload_time" datetime NOT NULL);
CREATE TABLE IF NOT EXISTS "course_uploadvideo" ("id" integer NOT NULL PRIMARY KEY AUTOINCREMENT, "title" varchar(100) NOT NULL, "slug" varchar(50) NOT NULL UNIQUE, "video" varchar(100) NOT NULL, "summary" text NOT NULL, "course_id" bigint NOT NULL REFERENCES "course_course" ("id") DEFERRABLE INITIALLY DEFERRED, "summary_en" text NULL, "summary_ru" text NULL, "title_en" varchar(100) NULL, "title_ru" varchar(100) NULL, "summary_es" text NULL, "summary_fr" text NULL, "title_es" varchar(100) NULL, "title_fr" varchar(100) NULL, "timestamp" datetime NOT NULL);
CREATE TABLE IF NOT EXISTS "payments_invoice" ("id" integer NOT NULL PRIMARY KEY AUTOINCREMENT, "total" real NULL, "amount" real NULL, "payment_complete" bool NOT NULL, "invoice_code" varchar(200) NULL, "user_id" bigint NOT NULL REFERENCES "accounts_user" ("id") DEFERRABLE INITIALLY DEFERRED);
CREATE TABLE IF NOT EXISTS "quiz_essayquestion" ("question_ptr_id" bigint NOT NULL PRIMARY KEY REFERENCES "quiz_question" ("id") DEFERRABLE INITIALLY DEFERRED);
CREATE TABLE IF NOT EXISTS "quiz_question_quiz" ("id" integer NOT NULL PRIMARY KEY AUTOINCREMENT, "question_id" bigint NOT NULL REFERENCES "quiz_question" ("id") DEFERRABLE INITIALLY DEFERRED, "quiz_id" bigint NOT NULL REFERENCES "quiz_quiz" ("id") DEFERRABLE INITIALLY DEFERRED);
CREATE TABLE IF NOT EXISTS "quiz_progress" ("id" integer NOT NULL PRIMARY KEY AUTOINCREMENT, "score" varchar(1024) NOT NULL, "user_id" bigint NOT NULL UNIQUE REFERENCES "accounts_user" ("id") DEFERRABLE INITIALLY DEFERRED);
INSERT INTO quiz_progress VALUES(1,'',1);
INSERT INTO quiz_progress VALUES(2,'',4);
INSERT INTO quiz_progress VALUES(3,'',6);
CREATE TABLE IF NOT EXISTS "quiz_choice" ("id" integer NOT NULL PRIMARY KEY AUTOINCREMENT, "choice_text" varchar(1000) NOT NULL, "correct" bool NOT NULL, "question_id" bigint NOT NULL REFERENCES "quiz_mcquestion" ("question_ptr_id") DEFERRABLE INITIALLY DEFERRED, "choice_text_en" varchar(1000) NULL, "choice_text_ru" varchar(1000) NULL, "choice_text_es" varchar(1000) NULL, "choice_text_fr" varchar(1000) NULL);
CREATE TABLE IF NOT EXISTS "quiz_mcquestion" ("question_ptr_id" bigint NOT NULL PRIMARY KEY REFERENCES "quiz_question" ("id") DEFERRABLE INITIALLY DEFERRED, "choice_order" varchar(30) NOT NULL);
CREATE TABLE IF NOT EXISTS "quiz_question" ("id" integer NOT NULL PRIMARY KEY AUTOINCREMENT, "content" varchar(1000) NOT NULL, "explanation" text NOT NULL, "content_en" varchar(1000) NULL, "content_ru" varchar(1000) NULL, "explanation_en" text NULL, "explanation_ru" text NULL, "content_es" varchar(1000) NULL, "content_fr" varchar(1000) NULL, "explanation_es" text NULL, "explanation_fr" text NULL, "figure" varchar(100) NOT NULL);
CREATE TABLE IF NOT EXISTS "quiz_quiz" ("id" integer NOT NULL PRIMARY KEY AUTOINCREMENT, "title" varchar(60) NOT NULL, "slug" varchar(50) NOT NULL UNIQUE, "description" text NOT NULL, "category" varchar(20) NOT NULL, "random_order" bool NOT NULL, "answers_at_end" bool NOT NULL, "exam_paper" bool NOT NULL, "single_attempt" bool NOT NULL, "pass_mark" smallint NOT NULL, "draft" bool NOT NULL, "timestamp" datetime NOT NULL, "description_en" text NULL, "description_ru" text NULL, "title_en" varchar(60) NULL, "title_ru" varchar(60) NULL, "description_es" text NULL, "description_fr" text NULL, "title_es" varchar(60) NULL, "title_fr" varchar(60) NULL, "course_id" bigint NOT NULL REFERENCES "course_course" ("id") DEFERRABLE INITIALLY DEFERRED);
CREATE TABLE IF NOT EXISTS "quiz_sitting" ("id" integer NOT NULL PRIMARY KEY AUTOINCREMENT, "question_order" varchar(1024) NOT NULL, "question_list" varchar(1024) NOT NULL, "incorrect_questions" varchar(1024) NOT NULL, "current_score" integer NOT NULL, "complete" bool NOT NULL, "user_answers" text NOT NULL, "start" datetime NOT NULL, "end" datetime NULL, "quiz_id" bigint NOT NULL REFERENCES "quiz_quiz" ("id") DEFERRABLE INITIALLY DEFERRED, "user_id" bigint NOT NULL REFERENCES "accounts_user" ("id") DEFERRABLE INITIALLY DEFERRED, "course_id" bigint NOT NULL REFERENCES "course_course" ("id") DEFERRABLE INITIALLY DEFERRED);
CREATE TABLE IF NOT EXISTS "result_takencourse" ("id" integer NOT NULL PRIMARY KEY AUTOINCREMENT, "assignment" decimal NOT NULL, "mid_exam" decimal NOT NULL, "quiz" decimal NOT NULL, "attendance" decimal NOT NULL, "final_exam" decimal NOT NULL, "total" decimal NOT NULL, "grade" varchar(2) NOT NULL, "point" decimal NOT NULL, "comment" varchar(200) NOT NULL, "course_id" bigint NOT NULL REFERENCES "course_course" ("id") DEFERRABLE INITIALLY DEFERRED, "student_id" bigint NOT NULL REFERENCES "accounts_student" ("id") DEFERRABLE INITIALLY DEFERRED);
CREATE TABLE IF NOT EXISTS "django_session" ("session_key" varchar(40) NOT NULL PRIMARY KEY, "session_data" text NOT NULL, "expire_date" datetime NOT NULL);
INSERT INTO django_session VALUES('hrhfty78nvo9bng42ayc8kx2jp2ed0tc','.eJxVjMsOwiAQRf-FtSE0PAZcuvcbyMAMUjWQlHZl_Hdt0oVu7znnvkTEba1xG7zEmcRZTOL0uyXMD247oDu2W5e5t3WZk9wVedAhr534eTncv4OKo35rsEUBJyamQuAZEhajjU2WjVfWZ-2VchO4AOhLKFabkLVzQRkyuZB4fwD59Tf7:1uqd5X:9K38rv9lE68e4gtIj4P70Sez_O4j1Keg1LPsAvJOwNM','2025-09-08 19:42:43.049562');
INSERT INTO django_session VALUES('abz22xtkjlfliqld0uxoboat4cboqlmt','.eJxVjDsOwjAQBe_iGllex79Q0nMGa9fe4ACypTipEHeHSCmgfTPzXiLitpa4dV7inMVZgBKn35EwPbjuJN-x3ppMra7LTHJX5EG7vLbMz8vh_h0U7OVbO2cQvbI4GNA-AKUxG-vGASzpQBa1CaCUSV4zYUbyE00MGp2DpHgQ7w_i3Dex:1urrPl:Zr86FZIm7uiOVhOC8d75MPthokKldUMUhRv3s0wubX8','2025-09-12 05:12:41.833731');
INSERT INTO django_session VALUES('17k2nt474vw77qx2ldj4ka3pz50zwy2t','.eJxVjDEOgzAMRe-SuYqI7QTo2J0zoMSOC20FEoGp6t0LEkO7vvf-f5s-buvQbyUv_SjmapDM5RemyM88HUYecbrPludpXcZkj8Setthulvy6ne3fwRDLsK9rCgDJC6qSUh1brhBDlKbOThuqcKdtxeAdEAQQ8I2ypsCcFF3L5vMF9TY32Q:1ut75R:APUUZOBqi9jISJO-_bpJJvNFnp2_2VZ48k_mPg0AlrU','2025-09-15 16:08:53.979526');
INSERT INTO django_session VALUES('eb188jqzn5hot0fx84rn3ubts7u9u7fz','.eJxVjEsOAiEQBe_C2hAQaMCle88w6YZGRg0k81kZ7-5MMgvdvqp6bzHgutRhnXkaxiwuQovT70aYntx2kB_Y7l2m3pZpJLkr8qCzvPXMr-vh_h1UnOtWO1SAoBm4RNDGRuNCIa1KDl5FAJsKUQCF5PjsbIgeyIfMwRtrNiw-X856NwY:1utMxw:Q0DolFJ7erZDLhzsetK7uikSkF1V2CJkK9UErOs5pN4','2025-09-02 10:06:12.088013');
INSERT INTO django_session VALUES('91xwekn0dayc6y96bwcp2ky0a9ozoqfv','.eJxVjDsOwjAQBe_iGllZx_YmlPQ5g-XPLg4gW4qTCnF3EikFtG9m3ls4v63ZbY0WNydxFVpcfrfg45PKAdLDl3uVsZZ1mYM8FHnSJqea6HU73b-D7Fve694bG0wPo7JErEibhBYDgTGRzUBWIyJbVAzAwe5Aj6lLERSEbmAWny_bxjfk:1utMxc:WlnQ8sXyN3HVKNTyhGh6NgeWsDiR6MbmZq556iy9ZTY','2025-09-02 10:05:52.941938');
INSERT INTO django_session VALUES('cd10miigg14s2dwyom4ihcvzrtidi6ja','.eJxVjEsOAiEQBe_C2hAQaMCle88w6YZGRg0k81kZ7-5MMgvdvqp6bzHgutRhnXkaxiwuQovT70aYntx2kB_Y7l2m3pZpJLkr8qCzvPXMr-vh_h1UnOtWO1SAoBm4RNDGRuNCIa1KDl5FAJsKUQCF5PjsbIgeyIfMwRtrNiw-X856NwY:1utQy2:zzYuY9MYUYVRSkhsudOSSrwNmTrkkDfnX3DGN5LDOBg','2025-09-02 14:22:34.129646');
INSERT INTO django_session VALUES('4dvar9ie9h20c8vze0bheddo6trcca5f','.eJxVjEsOAiEQBe_C2hAQaMCle88w6YZGRg0k81kZ7-5MMgvdvqp6bzHgutRhnXkaxiwuQovT70aYntx2kB_Y7l2m3pZpJLkr8qCzvPXMr-vh_h1UnOtWO1SAoBm4RNDGRuNCIa1KDl5FAJsKUQCF5PjsbIgeyIfMwRtrNiw-X856NwY:1utSSm:JuePknkbLRLqFOmOp1D1sHn8qVsjbmXJe-JYQKxsE5M','2025-09-02 15:58:24.942643');
INSERT INTO django_session VALUES('6xe4ey6szkgzprvxno0uhf48c8mnchvs','.eJxVjDsOwjAQBe_iGln-rbVQ0nOGaHdtkwCypTipIu4OkVJA-2bmbWqgdRmHted5mJK6qKhOvxuTPHPdQXpQvTctrS7zxHpX9EG7vrWUX9fD_TsYqY_fuoCH4ErBHIORImgJhBhydNYbC2gYGQWdR4psAfgcijHJY3YGxar3B-CEN2o:1utSpw:M7M4YFJG-xkjxmIYRUZ0aB-61mATf7sfNqRBOCo52Fo','2025-09-02 16:22:20.525291');
INSERT INTO django_session VALUES('ice977r57tvx8x4ewjxnlzx0xq6kos93','.eJxVjDsOwjAQBe_iGllZx_YmlPQ5g-XPLg4gW4qTCnF3EikFtG9m3ls4v63ZbY0WNydxFVpcfrfg45PKAdLDl3uVsZZ1mYM8FHnSJqea6HU73b-D7Fve694bG0wPo7JErEibhBYDgTGRzUBWIyJbVAzAwe5Aj6lLERSEbmAWny_bxjfk:1utV1P:KSjTrOfFbIDUyn0xzU4GiFg7GaUgn5t7wIhZJTF0zak','2025-09-02 18:42:19.975376');
INSERT INTO django_session VALUES('jd1s27qm41f5lbjhcqhabz3cvyu5xc2x','.eJxVjEsOAiEQBe_C2hAQaMCle88w6YZGRg0k81kZ7-5MMgvdvqp6bzHgutRhnXkaxiwuQovT70aYntx2kB_Y7l2m3pZpJLkr8qCzvPXMr-vh_h1UnOtWO1SAoBm4RNDGRuNCIa1KDl5FAJsKUQCF5PjsbIgeyIfMwRtrNiw-X856NwY:1utl87:O_GKgfsYwiw54WGSIh0DJnTh9owPQ4uvFwLexjqRjy4','2025-09-03 11:54:19.453834');
CREATE TABLE IF NOT EXISTS "core_announcement" ("id" integer NOT NULL PRIMARY KEY AUTOINCREMENT, "title" varchar(255) NOT NULL, "content" text NOT NULL, "created_at" datetime NOT NULL, "updated_at" datetime NOT NULL, "created_by_id" bigint NOT NULL REFERENCES "accounts_user" ("id") DEFERRABLE INITIALLY DEFERRED);
CREATE TABLE IF NOT EXISTS "dashboard_userdashboardmodule" ("id" integer NOT NULL PRIMARY KEY AUTOINCREMENT, "title" varchar(255) NOT NULL, "module" varchar(255) NOT NULL, "app_label" varchar(255) NULL, "user_id" bigint NULL REFERENCES "accounts_user" ("id") DEFERRABLE INITIALLY DEFERRED, "column" integer unsigned NOT NULL CHECK ("column" >= 0), "order" integer NOT NULL, "settings" text NOT NULL, "children" text NOT NULL, "collapsed" bool NOT NULL);
INSERT INTO dashboard_userdashboardmodule VALUES(1,'Application models','jet.dashboard.modules.ModelList','accounts',1,0,0,'{"models": ["accounts.*"], "exclude": null}','',0);
INSERT INTO dashboard_userdashboardmodule VALUES(2,'Recent Actions','jet.dashboard.modules.RecentActions','accounts',1,1,0,'{"limit": 10, "include_list": ["accounts.*"], "exclude_list": null, "user": null}','',0);
CREATE TABLE IF NOT EXISTS "jet_bookmark" ("id" integer NOT NULL PRIMARY KEY AUTOINCREMENT, "url" varchar(200) NOT NULL, "title" varchar(255) NOT NULL, "user_id" bigint NULL REFERENCES "accounts_user" ("id") DEFERRABLE INITIALLY DEFERRED, "date_add" datetime NOT NULL);
CREATE TABLE IF NOT EXISTS "jet_pinnedapplication" ("id" integer NOT NULL PRIMARY KEY AUTOINCREMENT, "app_label" varchar(255) NOT NULL, "user_id" bigint NULL REFERENCES "accounts_user" ("id") DEFERRABLE INITIALLY DEFERRED, "date_add" datetime NOT NULL);
CREATE TABLE IF NOT EXISTS "core_studentmetrics" ("id" integer NOT NULL PRIMARY KEY AUTOINCREMENT, "attendance_percent" real NOT NULL, "course_grades_avg" real NOT NULL, "grade_avg" real NOT NULL, "credit_hours" real NOT NULL, "age_at_enroll" real NOT NULL, "days_since_last_login" real NOT NULL, "risk_score" real NOT NULL, "residency" varchar(32) NULL, "financial_aid" varchar(32) NULL, "pandemic_effect" varchar(64) NULL, "user_id" bigint NOT NULL UNIQUE REFERENCES "accounts_user" ("id") DEFERRABLE INITIALLY DEFERRED);
CREATE TABLE IF NOT EXISTS "core_predictionlog" ("id" integer NOT NULL PRIMARY KEY AUTOINCREMENT, "created_at" datetime NOT NULL, "category" varchar(32) NOT NULL, "predicted_marks" real NOT NULL, "features_snapshot" text NOT NULL CHECK ((JSON_VALID("features_snapshot") OR "features_snapshot" IS NULL)), "requested_by_id" bigint NOT NULL REFERENCES "accounts_user" ("id") DEFERRABLE INITIALLY DEFERRED, "user_id" bigint NOT NULL REFERENCES "accounts_user" ("id") DEFERRABLE INITIALLY DEFERRED);
INSERT INTO core_predictionlog VALUES(1,'2025-08-28 09:40:24.684214','Low',31.78178398836681496,'{"Attendance (%)": 0.0, "CourseGradesAvg": 0.0, "GradeAvg": 0.0, "CreditHours": 0.0, "AgeAtEnroll": 0.0, "DaysSinceLastLogin": 0.0, "RiskScore": 0.0, "Major_Aerospace Engineering": 0.0, "Major_Anthropology": 0.0, "Major_Architecture": 0.0, "Major_Art History": 0.0, "Major_Artificial Intelligence": 0.0, "Major_Astronomy": 0.0, "Major_Biochemistry": 0.0, "Major_Biology": 0.0, "Major_Biomedical Engineering": 0.0, "Major_Business Administration": 0.0, "Major_Chemical Engineering": 0.0, "Major_Chemistry": 0.0, "Major_Civil Engineering": 0.0, "Major_Computer Science": 0.0, "Major_Cybersecurity": 0.0, "Major_Data Science": 0.0, "Major_Dentistry": 0.0, "Major_Economics": 0.0, "Major_Education": 0.0, "Major_Electrical Engineering": 0.0, "Major_Electronic Engineering": 0.0, "Major_Entrepreneurship": 0.0, "Major_Environmental Engineering": 0.0, "Major_Environmental Science": 0.0, "Major_Film Studies": 0.0, "Major_Finance": 0.0, "Major_Geography": 0.0, "Major_Geology": 0.0, "Major_History": 0.0, "Major_Industrial Engineering": 0.0, "Major_Law": 0.0, "Major_Linguistics": 0.0, "Major_Literature": 0.0, "Major_Marketing": 0.0, "Major_Mathematics": 0.0, "Major_Mechanical Engineering": 0.0, "Major_Medicine": 0.0, "Major_Music": 0.0, "Major_Neuroscience": 0.0, "Major_Nursing": 0.0, "Major_Pharmacy": 0.0, "Major_Philosophy": 0.0, "Major_Physics": 0.0, "Major_Political Science": 0.0, "Major_Psychology": 0.0, "Major_Sociology": 0.0, "Major_Theater": 0.0, "Major_Urban Planning": 0.0, "Major_Veterinary Medicine": 0.0, "Residency_International": 0.0, "Residency_Local": 0.0, "Residency_On-Campus": 0.0, "Residency_Online": 0.0, "FinancialAid_No": 0.0, "FinancialAid_Partial": 0.0, "FinancialAid_Yes": 0.0, "PandemicEffect_Hybrid 2021": 0.0}',1,4);
INSERT INTO core_predictionlog VALUES(4,'2025-09-01 19:43:29.759531','Low',31.78178398836681496,'{"Attendance (%)": 0.0, "CourseGradesAvg": 0.0, "GradeAvg": 0.0, "CreditHours": 0.0, "AgeAtEnroll": 0.0, "DaysSinceLastLogin": 0.0, "RiskScore": 0.0, "Major_Aerospace Engineering": 0.0, "Major_Anthropology": 0.0, "Major_Architecture": 0.0, "Major_Art History": 0.0, "Major_Artificial Intelligence": 0.0, "Major_Astronomy": 0.0, "Major_Biochemistry": 0.0, "Major_Biology": 0.0, "Major_Biomedical Engineering": 0.0, "Major_Business Administration": 0.0, "Major_Chemical Engineering": 0.0, "Major_Chemistry": 0.0, "Major_Civil Engineering": 0.0, "Major_Computer Science": 0.0, "Major_Cybersecurity": 0.0, "Major_Data Science": 0.0, "Major_Dentistry": 0.0, "Major_Economics": 0.0, "Major_Education": 0.0, "Major_Electrical Engineering": 0.0, "Major_Electronic Engineering": 0.0, "Major_Entrepreneurship": 0.0, "Major_Environmental Engineering": 0.0, "Major_Environmental Science": 0.0, "Major_Film Studies": 0.0, "Major_Finance": 0.0, "Major_Geography": 0.0, "Major_Geology": 0.0, "Major_History": 0.0, "Major_Industrial Engineering": 0.0, "Major_Law": 0.0, "Major_Linguistics": 0.0, "Major_Literature": 0.0, "Major_Marketing": 0.0, "Major_Mathematics": 0.0, "Major_Mechanical Engineering": 0.0, "Major_Medicine": 0.0, "Major_Music": 0.0, "Major_Neuroscience": 0.0, "Major_Nursing": 0.0, "Major_Pharmacy": 0.0, "Major_Philosophy": 0.0, "Major_Physics": 0.0, "Major_Political Science": 0.0, "Major_Psychology": 0.0, "Major_Sociology": 0.0, "Major_Theater": 0.0, "Major_Urban Planning": 0.0, "Major_Veterinary Medicine": 0.0, "Residency_International": 0.0, "Residency_Local": 0.0, "Residency_On-Campus": 0.0, "Residency_Online": 0.0, "FinancialAid_No": 0.0, "FinancialAid_Partial": 0.0, "FinancialAid_Yes": 0.0, "PandemicEffect_Hybrid 2021": 0.0}',1,4);
INSERT INTO core_predictionlog VALUES(5,'2025-09-01 19:43:29.761305','Low',31.78178398836681496,'{"Attendance (%)": 0.0, "CourseGradesAvg": 0.0, "GradeAvg": 0.0, "CreditHours": 0.0, "AgeAtEnroll": 0.0, "DaysSinceLastLogin": 0.0, "RiskScore": 0.0, "Major_Aerospace Engineering": 0.0, "Major_Anthropology": 0.0, "Major_Architecture": 0.0, "Major_Art History": 0.0, "Major_Artificial Intelligence": 0.0, "Major_Astronomy": 0.0, "Major_Biochemistry": 0.0, "Major_Biology": 0.0, "Major_Biomedical Engineering": 0.0, "Major_Business Administration": 0.0, "Major_Chemical Engineering": 0.0, "Major_Chemistry": 0.0, "Major_Civil Engineering": 0.0, "Major_Computer Science": 0.0, "Major_Cybersecurity": 0.0, "Major_Data Science": 0.0, "Major_Dentistry": 0.0, "Major_Economics": 0.0, "Major_Education": 0.0, "Major_Electrical Engineering": 0.0, "Major_Electronic Engineering": 0.0, "Major_Entrepreneurship": 0.0, "Major_Environmental Engineering": 0.0, "Major_Environmental Science": 0.0, "Major_Film Studies": 0.0, "Major_Finance": 0.0, "Major_Geography": 0.0, "Major_Geology": 0.0, "Major_History": 0.0, "Major_Industrial Engineering": 0.0, "Major_Law": 0.0, "Major_Linguistics": 0.0, "Major_Literature": 0.0, "Major_Marketing": 0.0, "Major_Mathematics": 0.0, "Major_Mechanical Engineering": 0.0, "Major_Medicine": 0.0, "Major_Music": 0.0, "Major_Neuroscience": 0.0, "Major_Nursing": 0.0, "Major_Pharmacy": 0.0, "Major_Philosophy": 0.0, "Major_Physics": 0.0, "Major_Political Science": 0.0, "Major_Psychology": 0.0, "Major_Sociology": 0.0, "Major_Theater": 0.0, "Major_Urban Planning": 0.0, "Major_Veterinary Medicine": 0.0, "Residency_International": 0.0, "Residency_Local": 0.0, "Residency_On-Campus": 0.0, "Residency_Online": 0.0, "FinancialAid_No": 0.0, "FinancialAid_Partial": 0.0, "FinancialAid_Yes": 0.0, "PandemicEffect_Hybrid 2021": 0.0}',1,4);
INSERT INTO core_predictionlog VALUES(6,'2025-09-01 19:43:29.773823','Low',31.78178398836681496,'{"Attendance (%)": 0.0, "CourseGradesAvg": 0.0, "GradeAvg": 0.0, "CreditHours": 0.0, "AgeAtEnroll": 0.0, "DaysSinceLastLogin": 0.0, "RiskScore": 0.0, "Major_Aerospace Engineering": 0.0, "Major_Anthropology": 0.0, "Major_Architecture": 0.0, "Major_Art History": 0.0, "Major_Artificial Intelligence": 0.0, "Major_Astronomy": 0.0, "Major_Biochemistry": 0.0, "Major_Biology": 0.0, "Major_Biomedical Engineering": 0.0, "Major_Business Administration": 0.0, "Major_Chemical Engineering": 0.0, "Major_Chemistry": 0.0, "Major_Civil Engineering": 0.0, "Major_Computer Science": 0.0, "Major_Cybersecurity": 0.0, "Major_Data Science": 0.0, "Major_Dentistry": 0.0, "Major_Economics": 0.0, "Major_Education": 0.0, "Major_Electrical Engineering": 0.0, "Major_Electronic Engineering": 0.0, "Major_Entrepreneurship": 0.0, "Major_Environmental Engineering": 0.0, "Major_Environmental Science": 0.0, "Major_Film Studies": 0.0, "Major_Finance": 0.0, "Major_Geography": 0.0, "Major_Geology": 0.0, "Major_History": 0.0, "Major_Industrial Engineering": 0.0, "Major_Law": 0.0, "Major_Linguistics": 0.0, "Major_Literature": 0.0, "Major_Marketing": 0.0, "Major_Mathematics": 0.0, "Major_Mechanical Engineering": 0.0, "Major_Medicine": 0.0, "Major_Music": 0.0, "Major_Neuroscience": 0.0, "Major_Nursing": 0.0, "Major_Pharmacy": 0.0, "Major_Philosophy": 0.0, "Major_Physics": 0.0, "Major_Political Science": 0.0, "Major_Psychology": 0.0, "Major_Sociology": 0.0, "Major_Theater": 0.0, "Major_Urban Planning": 0.0, "Major_Veterinary Medicine": 0.0, "Residency_International": 0.0, "Residency_Local": 0.0, "Residency_On-Campus": 0.0, "Residency_Online": 0.0, "FinancialAid_No": 0.0, "FinancialAid_Partial": 0.0, "FinancialAid_Yes": 0.0, "PandemicEffect_Hybrid 2021": 0.0}',1,4);
INSERT INTO core_predictionlog VALUES(7,'2025-09-01 19:43:29.778726','Low',31.78178398836681496,'{"Attendance (%)": 0.0, "CourseGradesAvg": 0.0, "GradeAvg": 0.0, "CreditHours": 0.0, "AgeAtEnroll": 0.0, "DaysSinceLastLogin": 0.0, "RiskScore": 0.0, "Major_Aerospace Engineering": 0.0, "Major_Anthropology": 0.0, "Major_Architecture": 0.0, "Major_Art History": 0.0, "Major_Artificial Intelligence": 0.0, "Major_Astronomy": 0.0, "Major_Biochemistry": 0.0, "Major_Biology": 0.0, "Major_Biomedical Engineering": 0.0, "Major_Business Administration": 0.0, "Major_Chemical Engineering": 0.0, "Major_Chemistry": 0.0, "Major_Civil Engineering": 0.0, "Major_Computer Science": 0.0, "Major_Cybersecurity": 0.0, "Major_Data Science": 0.0, "Major_Dentistry": 0.0, "Major_Economics": 0.0, "Major_Education": 0.0, "Major_Electrical Engineering": 0.0, "Major_Electronic Engineering": 0.0, "Major_Entrepreneurship": 0.0, "Major_Environmental Engineering": 0.0, "Major_Environmental Science": 0.0, "Major_Film Studies": 0.0, "Major_Finance": 0.0, "Major_Geography": 0.0, "Major_Geology": 0.0, "Major_History": 0.0, "Major_Industrial Engineering": 0.0, "Major_Law": 0.0, "Major_Linguistics": 0.0, "Major_Literature": 0.0, "Major_Marketing": 0.0, "Major_Mathematics": 0.0, "Major_Mechanical Engineering": 0.0, "Major_Medicine": 0.0, "Major_Music": 0.0, "Major_Neuroscience": 0.0, "Major_Nursing": 0.0, "Major_Pharmacy": 0.0, "Major_Philosophy": 0.0, "Major_Physics": 0.0, "Major_Political Science": 0.0, "Major_Psychology": 0.0, "Major_Sociology": 0.0, "Major_Theater": 0.0, "Major_Urban Planning": 0.0, "Major_Veterinary Medicine": 0.0, "Residency_International": 0.0, "Residency_Local": 0.0, "Residency_On-Campus": 0.0, "Residency_Online": 0.0, "FinancialAid_No": 0.0, "FinancialAid_Partial": 0.0, "FinancialAid_Yes": 0.0, "PandemicEffect_Hybrid 2021": 0.0}',1,4);
INSERT INTO core_predictionlog VALUES(8,'2025-09-01 19:43:29.786058','Low',31.78178398836681496,'{"Attendance (%)": 0.0, "CourseGradesAvg": 0.0, "GradeAvg": 0.0, "CreditHours": 0.0, "AgeAtEnroll": 0.0, "DaysSinceLastLogin": 0.0, "RiskScore": 0.0, "Major_Aerospace Engineering": 0.0, "Major_Anthropology": 0.0, "Major_Architecture": 0.0, "Major_Art History": 0.0, "Major_Artificial Intelligence": 0.0, "Major_Astronomy": 0.0, "Major_Biochemistry": 0.0, "Major_Biology": 0.0, "Major_Biomedical Engineering": 0.0, "Major_Business Administration": 0.0, "Major_Chemical Engineering": 0.0, "Major_Chemistry": 0.0, "Major_Civil Engineering": 0.0, "Major_Computer Science": 0.0, "Major_Cybersecurity": 0.0, "Major_Data Science": 0.0, "Major_Dentistry": 0.0, "Major_Economics": 0.0, "Major_Education": 0.0, "Major_Electrical Engineering": 0.0, "Major_Electronic Engineering": 0.0, "Major_Entrepreneurship": 0.0, "Major_Environmental Engineering": 0.0, "Major_Environmental Science": 0.0, "Major_Film Studies": 0.0, "Major_Finance": 0.0, "Major_Geography": 0.0, "Major_Geology": 0.0, "Major_History": 0.0, "Major_Industrial Engineering": 0.0, "Major_Law": 0.0, "Major_Linguistics": 0.0, "Major_Literature": 0.0, "Major_Marketing": 0.0, "Major_Mathematics": 0.0, "Major_Mechanical Engineering": 0.0, "Major_Medicine": 0.0, "Major_Music": 0.0, "Major_Neuroscience": 0.0, "Major_Nursing": 0.0, "Major_Pharmacy": 0.0, "Major_Philosophy": 0.0, "Major_Physics": 0.0, "Major_Political Science": 0.0, "Major_Psychology": 0.0, "Major_Sociology": 0.0, "Major_Theater": 0.0, "Major_Urban Planning": 0.0, "Major_Veterinary Medicine": 0.0, "Residency_International": 0.0, "Residency_Local": 0.0, "Residency_On-Campus": 0.0, "Residency_Online": 0.0, "FinancialAid_No": 0.0, "FinancialAid_Partial": 0.0, "FinancialAid_Yes": 0.0, "PandemicEffect_Hybrid 2021": 0.0}',1,4);
INSERT INTO core_predictionlog VALUES(9,'2025-09-01 19:43:29.792458','Low',31.78178398836681496,'{"Attendance (%)": 0.0, "CourseGradesAvg": 0.0, "GradeAvg": 0.0, "CreditHours": 0.0, "AgeAtEnroll": 0.0, "DaysSinceLastLogin": 0.0, "RiskScore": 0.0, "Major_Aerospace Engineering": 0.0, "Major_Anthropology": 0.0, "Major_Architecture": 0.0, "Major_Art History": 0.0, "Major_Artificial Intelligence": 0.0, "Major_Astronomy": 0.0, "Major_Biochemistry": 0.0, "Major_Biology": 0.0, "Major_Biomedical Engineering": 0.0, "Major_Business Administration": 0.0, "Major_Chemical Engineering": 0.0, "Major_Chemistry": 0.0, "Major_Civil Engineering": 0.0, "Major_Computer Science": 0.0, "Major_Cybersecurity": 0.0, "Major_Data Science": 0.0, "Major_Dentistry": 0.0, "Major_Economics": 0.0, "Major_Education": 0.0, "Major_Electrical Engineering": 0.0, "Major_Electronic Engineering": 0.0, "Major_Entrepreneurship": 0.0, "Major_Environmental Engineering": 0.0, "Major_Environmental Science": 0.0, "Major_Film Studies": 0.0, "Major_Finance": 0.0, "Major_Geography": 0.0, "Major_Geology": 0.0, "Major_History": 0.0, "Major_Industrial Engineering": 0.0, "Major_Law": 0.0, "Major_Linguistics": 0.0, "Major_Literature": 0.0, "Major_Marketing": 0.0, "Major_Mathematics": 0.0, "Major_Mechanical Engineering": 0.0, "Major_Medicine": 0.0, "Major_Music": 0.0, "Major_Neuroscience": 0.0, "Major_Nursing": 0.0, "Major_Pharmacy": 0.0, "Major_Philosophy": 0.0, "Major_Physics": 0.0, "Major_Political Science": 0.0, "Major_Psychology": 0.0, "Major_Sociology": 0.0, "Major_Theater": 0.0, "Major_Urban Planning": 0.0, "Major_Veterinary Medicine": 0.0, "Residency_International": 0.0, "Residency_Local": 0.0, "Residency_On-Campus": 0.0, "Residency_Online": 0.0, "FinancialAid_No": 0.0, "FinancialAid_Partial": 0.0, "FinancialAid_Yes": 0.0, "PandemicEffect_Hybrid 2021": 0.0}',1,4);
INSERT INTO core_predictionlog VALUES(10,'2025-09-01 19:43:48.213643','Low',31.78178398836681496,'{"Attendance (%)": 0.0, "CourseGradesAvg": 0.0, "GradeAvg": 0.0, "CreditHours": 0.0, "AgeAtEnroll": 0.0, "DaysSinceLastLogin": 0.0, "RiskScore": 0.0, "Major_Aerospace Engineering": 0.0, "Major_Anthropology": 0.0, "Major_Architecture": 0.0, "Major_Art History": 0.0, "Major_Artificial Intelligence": 0.0, "Major_Astronomy": 0.0, "Major_Biochemistry": 0.0, "Major_Biology": 0.0, "Major_Biomedical Engineering": 0.0, "Major_Business Administration": 0.0, "Major_Chemical Engineering": 0.0, "Major_Chemistry": 0.0, "Major_Civil Engineering": 0.0, "Major_Computer Science": 0.0, "Major_Cybersecurity": 0.0, "Major_Data Science": 0.0, "Major_Dentistry": 0.0, "Major_Economics": 0.0, "Major_Education": 0.0, "Major_Electrical Engineering": 0.0, "Major_Electronic Engineering": 0.0, "Major_Entrepreneurship": 0.0, "Major_Environmental Engineering": 0.0, "Major_Environmental Science": 0.0, "Major_Film Studies": 0.0, "Major_Finance": 0.0, "Major_Geography": 0.0, "Major_Geology": 0.0, "Major_History": 0.0, "Major_Industrial Engineering": 0.0, "Major_Law": 0.0, "Major_Linguistics": 0.0, "Major_Literature": 0.0, "Major_Marketing": 0.0, "Major_Mathematics": 0.0, "Major_Mechanical Engineering": 0.0, "Major_Medicine": 0.0, "Major_Music": 0.0, "Major_Neuroscience": 0.0, "Major_Nursing": 0.0, "Major_Pharmacy": 0.0, "Major_Philosophy": 0.0, "Major_Physics": 0.0, "Major_Political Science": 0.0, "Major_Psychology": 0.0, "Major_Sociology": 0.0, "Major_Theater": 0.0, "Major_Urban Planning": 0.0, "Major_Veterinary Medicine": 0.0, "Residency_International": 0.0, "Residency_Local": 0.0, "Residency_On-Campus": 0.0, "Residency_Online": 0.0, "FinancialAid_No": 0.0, "FinancialAid_Partial": 0.0, "FinancialAid_Yes": 0.0, "PandemicEffect_Hybrid 2021": 0.0}',1,2);
CREATE TABLE IF NOT EXISTS "core_batch" ("id" integer NOT NULL PRIMARY KEY AUTOINCREMENT, "title" varchar(64) NOT NULL, "program_id" bigint NOT NULL REFERENCES "course_program" ("id") DEFERRABLE INITIALLY DEFERRED);
INSERT INTO core_batch VALUES(6,'Default B-Tech AI',1);
CREATE TABLE IF NOT EXISTS "core_classroom" ("id" integer NOT NULL PRIMARY KEY AUTOINCREMENT, "name" varchar(64) NOT NULL UNIQUE, "capacity" integer unsigned NOT NULL CHECK ("capacity" >= 0));
INSERT INTO core_classroom VALUES(1,'Room 101',30);
INSERT INTO core_classroom VALUES(2,'Room 102',25);
INSERT INTO core_classroom VALUES(3,'Lab A',20);
INSERT INTO core_classroom VALUES(4,'Lab B',30);
INSERT INTO core_classroom VALUES(5,'Conference Room',20);
INSERT INTO core_classroom VALUES(6,'Lab 101',30);
CREATE TABLE IF NOT EXISTS "core_courseoffering" ("id" integer NOT NULL PRIMARY KEY AUTOINCREMENT, "lectures_per_week" integer unsigned NOT NULL CHECK ("lectures_per_week" >= 0), "batch_id" bigint NOT NULL REFERENCES "core_batch" ("id") DEFERRABLE INITIALLY DEFERRED, "course_id" bigint NOT NULL REFERENCES "course_course" ("id") DEFERRABLE INITIALLY DEFERRED, "lecturer_id" bigint NOT NULL REFERENCES "accounts_user" ("id") DEFERRABLE INITIALLY DEFERRED, "program_id" bigint NOT NULL REFERENCES "course_program" ("id") DEFERRABLE INITIALLY DEFERRED);
CREATE TABLE IF NOT EXISTS "core_timetableslot" ("id" integer NOT NULL PRIMARY KEY AUTOINCREMENT, "day" smallint unsigned NOT NULL CHECK ("day" >= 0), "start_time" time NOT NULL, "end_time" time NOT NULL, "classroom_id" bigint NOT NULL REFERENCES "core_classroom" ("id") DEFERRABLE INITIALLY DEFERRED, "offering_id" bigint NOT NULL REFERENCES "core_courseoffering" ("id") DEFERRABLE INITIALLY DEFERRED);
CREATE TABLE IF NOT EXISTS "core_collegecalendar" ("id" integer NOT NULL PRIMARY KEY AUTOINCREMENT, "date" date NOT NULL UNIQUE, "is_working_day" bool NOT NULL, "is_holiday" bool NOT NULL, "holiday_name" varchar(100) NULL, "academic_year" varchar(20) NULL, "semester" varchar(20) NULL);
INSERT INTO core_collegecalendar VALUES(1,'2025-07-31',1,0,NULL,'2024-2025','First');
INSERT INTO core_collegecalendar VALUES(2,'2025-08-01',1,0,NULL,'2024-2025','First');
INSERT INTO core_collegecalendar VALUES(3,'2025-08-04',1,0,NULL,'2024-2025','First');
INSERT INTO core_collegecalendar VALUES(4,'2025-08-05',1,0,NULL,'2024-2025','First');
INSERT INTO core_collegecalendar VALUES(5,'2025-08-06',1,0,NULL,'2024-2025','First');
INSERT INTO core_collegecalendar VALUES(6,'2025-08-07',1,0,NULL,'2024-2025','First');
INSERT INTO core_collegecalendar VALUES(7,'2025-08-08',1,0,NULL,'2024-2025','First');
INSERT INTO core_collegecalendar VALUES(8,'2025-08-11',1,0,NULL,'2024-2025','First');
INSERT INTO core_collegecalendar VALUES(9,'2025-08-12',1,0,NULL,'2024-2025','First');
INSERT INTO core_collegecalendar VALUES(10,'2025-08-13',1,0,NULL,'2024-2025','First');
INSERT INTO core_collegecalendar VALUES(11,'2025-08-14',1,0,NULL,'2024-2025','First');
INSERT INTO core_collegecalendar VALUES(12,'2025-08-15',1,0,NULL,'2024-2025','First');
INSERT INTO core_collegecalendar VALUES(13,'2025-08-18',1,0,NULL,'2024-2025','First');
INSERT INTO core_collegecalendar VALUES(14,'2025-08-19',1,0,NULL,'2024-2025','First');
INSERT INTO core_collegecalendar VALUES(15,'2025-08-20',1,0,NULL,'2024-2025','First');
INSERT INTO core_collegecalendar VALUES(16,'2025-08-21',1,0,NULL,'2024-2025','First');
INSERT INTO core_collegecalendar VALUES(17,'2025-08-22',1,0,NULL,'2024-2025','First');
INSERT INTO core_collegecalendar VALUES(18,'2025-08-25',1,0,NULL,'2024-2025','First');
INSERT INTO core_collegecalendar VALUES(19,'2025-08-26',1,0,NULL,'2024-2025','First');
INSERT INTO core_collegecalendar VALUES(20,'2025-08-27',1,0,NULL,'2024-2025','First');
INSERT INTO core_collegecalendar VALUES(21,'2025-08-28',1,0,NULL,'2024-2025','First');
INSERT INTO core_collegecalendar VALUES(22,'2025-08-29',1,0,NULL,'2024-2025','First');
CREATE TABLE IF NOT EXISTS "core_attendancesession" ("id" integer NOT NULL PRIMARY KEY AUTOINCREMENT, "date" date NOT NULL, "conducted_at" datetime NOT NULL, "total_students" integer unsigned NOT NULL CHECK ("total_students" >= 0), "present_students" integer unsigned NOT NULL CHECK ("present_students" >= 0), "notes" text NULL, "conducted_by_id" bigint NOT NULL REFERENCES "accounts_user" ("id") DEFERRABLE INITIALLY DEFERRED, "course_offering_id" bigint NOT NULL REFERENCES "core_courseoffering" ("id") DEFERRABLE INITIALLY DEFERRED);
CREATE TABLE IF NOT EXISTS "core_attendance" ("id" integer NOT NULL PRIMARY KEY AUTOINCREMENT, "date" date NOT NULL, "is_present" bool NOT NULL, "marked_at" datetime NOT NULL, "notes" text NULL, "course_offering_id" bigint NOT NULL REFERENCES "core_courseoffering" ("id") DEFERRABLE INITIALLY DEFERRED, "marked_by_id" bigint NOT NULL REFERENCES "accounts_user" ("id") DEFERRABLE INITIALLY DEFERRED, "student_id" bigint NOT NULL REFERENCES "accounts_user" ("id") DEFERRABLE INITIALLY DEFERRED);
CREATE TABLE IF NOT EXISTS "accounts_user" ("id" integer NOT NULL PRIMARY KEY AUTOINCREMENT, "password" varchar(128) NOT NULL, "last_login" datetime NULL, "is_superuser" bool NOT NULL, "username" varchar(150) NOT NULL UNIQUE, "first_name" varchar(150) NOT NULL, "last_name" varchar(150) NOT NULL, "is_staff" bool NOT NULL, "is_active" bool NOT NULL, "date_joined" datetime NOT NULL, "is_student" bool NOT NULL, "is_lecturer" bool NOT NULL, "is_parent" bool NOT NULL, "is_dep_head" bool NOT NULL, "gender" varchar(1) NULL, "phone" varchar(60) NULL, "address" varchar(60) NULL, "picture" varchar(100) NULL, "email" varchar(254) NULL, "batch_id" bigint NULL REFERENCES "core_batch" ("id") DEFERRABLE INITIALLY DEFERRED);
INSERT INTO accounts_user VALUES(1,'pbkdf2_sha256$320000$G860eBYpMOsijdo1j7VML8$yiAehJhhoeu3Pm/jElknuRG8lghXJEXeOCnetKwSkgs=','2025-09-03 10:54:36.216978',1,'tihame','','',1,1,'2025-08-25 19:11:55.949774',0,0,0,0,NULL,NULL,NULL,'default.png','muhammadtihame@gmail.com',NULL);
INSERT INTO accounts_user VALUES(2,'pbkdf2_sha256$320000$JvPw2ab5R6bwR0oxwswI9b$tIGbWB86NEyY2pdbU3wZObCiHu69u3Wq9Xedt4x4Sbg=',NULL,0,'ugr-2025-1','Shafi','Nabi',0,1,'2025-08-25 19:16:46.247502',1,0,0,0,'M','6005929894','Narbal','default.png','alexanderabaan@gmail.com',6);
INSERT INTO accounts_user VALUES(4,'pbkdf2_sha256$320000$zj8rmw7t17DPwlGYvHH2iA$kz74oxGm+Zx1KIlW9qElR6Dvkih9kRLBY/OVh+RV01s=','2025-09-03 11:00:41.023780',0,'ugr-2025-2','Mutasim','Qureshi',0,1,'2025-08-26 05:52:48.184793',1,0,0,0,'M','7006222586','Natipora','default.png','muhammadtihame@gmail.com',6);
INSERT INTO accounts_user VALUES(6,'pbkdf2_sha256$320000$xesvWDFG4SkLMTT2aGe6XC$7PJq3CCXWN9b0cZ5BVhP2MsBNiaq/FpWhx+A63wHfzw=','2025-09-02 14:58:08.441617',0,'ugr-2025-4','Saalif','Dariyal',0,1,'2025-08-26 09:35:06.207704',1,0,0,0,'M','0987654321','Srinagar','default.png','exam@gmail.com',6);
INSERT INTO accounts_user VALUES(8,'pbkdf2_sha256$320000$3BM0Cy1yUVObfFH0F5Q1CQ$LBXNFqepOJT+Iy7vtOyHREosVFkvgsQkg/l/ldXvnpI=',NULL,0,'ugr-2025-5','Adnan','Shafi',0,1,'2025-08-27 16:29:44.522702',1,0,0,0,'M','9438623462398','Uri','default.png','ex@gmail.com',6);
INSERT INTO accounts_user VALUES(9,'pbkdf2_sha256$320000$BgNGnI4a4sgjLNRf1ZNEnk$IVoVwAf1nr/uvnWIqOV4Cd5kRSJnZFRxYBqOl4XgLSU=',NULL,0,'ugr-2025-6','Mohammad','Tihame',0,1,'2025-08-27 16:30:44.427751',1,0,0,0,'M','+917006222586','Pulwama','default.png','muhammadtihame@gmail.com',6);
INSERT INTO accounts_user VALUES(12,'pbkdf2_sha256$320000$LCzNcIXkNu076IaBc7ErZx$YhjmYU12U3+qBsO1QTx2XU09t4qj4EzzXBLStBcmZV4=','2025-08-29 18:35:12.134108',1,'omar','','',1,1,'2025-08-29 18:27:36.240606',0,0,0,0,NULL,NULL,NULL,'default.png','tihame@flash.co',NULL);
INSERT INTO accounts_user VALUES(21,'pbkdf2_sha256$320000$GZQnaVjU1uTAWz3ISryg56$mIIjcEyzOeeAi7TW7Waq6tdrgX+XdhheNxnnhd1IyBU=',NULL,0,'student1','Student1','Test',0,1,'2025-08-30 05:49:40.456728',1,0,0,0,NULL,NULL,NULL,'default.png','student1@university.edu',NULL);
INSERT INTO accounts_user VALUES(22,'pbkdf2_sha256$320000$5OvlpWeWMaVcHlmFNeuqmN$3LDxI5NgKOI5d/drPYV7K2tqbrnLk8DH1DUm13HK6a4=',NULL,0,'student2','Student2','Test',0,1,'2025-08-30 05:49:40.682047',1,0,0,0,NULL,NULL,NULL,'default.png','student2@university.edu',NULL);
INSERT INTO accounts_user VALUES(23,'pbkdf2_sha256$320000$aAy1nWrdO4ZgaZH1guhbOy$C/CcTulSmd7TU1eW4IxslA94a9mQfe9y480ccvqEfJc=',NULL,0,'student3','Student3','Test',0,1,'2025-08-30 05:49:40.868946',1,0,0,0,NULL,NULL,NULL,'default.png','student3@university.edu',NULL);
INSERT INTO accounts_user VALUES(24,'pbkdf2_sha256$320000$Y9G19oPclXDMUTWjcrAyAh$URnbmAD//W5KWzsCXt2nDt+85QBcjWd7OMhP78GjXEw=',NULL,0,'student4','Student4','Test',0,1,'2025-08-30 05:49:41.053889',1,0,0,0,NULL,NULL,NULL,'default.png','student4@university.edu',NULL);
INSERT INTO accounts_user VALUES(25,'pbkdf2_sha256$320000$YpjHyMPIDcxeh14ggDNFjX$cDlDgpdFXw73qLdLR2E9yRhfkFW3dyLI7DKGHOoEe+Q=',NULL,0,'student5','Student5','Test',0,1,'2025-08-30 05:49:41.238211',1,0,0,0,NULL,NULL,NULL,'default.png','student5@university.edu',NULL);
INSERT INTO accounts_user VALUES(26,'pbkdf2_sha256$320000$F7n5jR5AFENZWpYmsa4Kff$yvN8vaAjUjIKUx+ClptMqwOQQjIa1u3VrBsqZP4ryVE=',NULL,0,'ugr-2025-11','M','Tihame',0,1,'2025-08-31 17:19:51.596686',1,0,0,0,'M','7006222586','Pulwama','default.png','tihame@flash.co',6);
INSERT INTO accounts_user VALUES(27,'pbkdf2_sha256$320000$xgNpbLuIvzzASCepy9au0U$WuwrRAN6BCtPCybhPgMj/nCHyZ8MTuzG6yt4k8ZjCKM=',NULL,0,'ugr-2025-12','Mohammad','Uzair',0,1,'2025-08-31 18:56:48.346258',1,0,0,0,'M','0384473847398','Nowgam','default.png','tihame@flash.co',NULL);
INSERT INTO accounts_user VALUES(29,'pbkdf2_sha256$320000$euEod1IQqV9vHCUq9UbHy8$it4+6cla0Q4y+kdWt/aoG9AezVZghAvfgnA3KHIG+PY=',NULL,0,'ugr-2025-13','M','Uzair',0,1,'2025-09-01 05:50:59.346546',1,0,0,0,'M','435436537','dhjgash','default.png','uzairrahilwani@gmail.com',NULL);
INSERT INTO accounts_user VALUES(30,'pbkdf2_sha256$320000$FbWEVH1HKd9FiKqMgfQDU4$6lCABM6NtzBm47n+QeswNiKue7N2ScpqwbUwkaGCm+g=',NULL,0,'ugr-2025-14','majid','m',0,1,'2025-09-01 05:53:10.913486',1,0,0,0,'M','732683278','jkshkjs','default.png','majid2432@gmail.com',NULL);
INSERT INTO accounts_user VALUES(35,'pbkdf2_sha256$320000$YX3GaMMGaPP6PJ2sULXHqp$NXRZesY0XFh3TApoZc1TotOK3G6Krrbnd3jSHXBYJwE=',NULL,1,'admin','','',1,1,'2025-09-03 10:34:58.271676',0,0,0,0,NULL,NULL,NULL,'default.png','admin@example.com',NULL);
CREATE TABLE IF NOT EXISTS "core_semester" ("id" integer NOT NULL PRIMARY KEY AUTOINCREMENT, "is_current_semester" bool NULL, "next_semester_begins" date NULL, "session_id" bigint NULL REFERENCES "core_session" ("id") DEFERRABLE INITIALLY DEFERRED, "semester" varchar(10) NOT NULL);
INSERT INTO core_semester VALUES(1,1,'2026-02-01',1,'3rd');
INSERT INTO core_semester VALUES(2,0,'2026-02-01',1,'1st');
INSERT INTO core_semester VALUES(3,0,'2025-01-15',1,'2nd');
INSERT INTO core_semester VALUES(4,0,'2025-01-15',1,'4th');
INSERT INTO core_semester VALUES(5,0,'2025-01-15',1,'5th');
INSERT INTO core_semester VALUES(6,0,'2025-01-15',1,'6th');
INSERT INTO core_semester VALUES(7,0,'2025-01-15',1,'7th');
INSERT INTO core_semester VALUES(8,0,'2025-01-15',1,'8th');
CREATE TABLE IF NOT EXISTS "accounts_student" ("id" integer NOT NULL PRIMARY KEY AUTOINCREMENT, "level" varchar(25) NULL, "program_id" bigint NULL REFERENCES "course_program" ("id") DEFERRABLE INITIALLY DEFERRED, "student_id" bigint NOT NULL UNIQUE REFERENCES "accounts_user" ("id") DEFERRABLE INITIALLY DEFERRED, "semester" varchar(10) NULL);
INSERT INTO accounts_student VALUES(1,'Bachelor',1,2,NULL);
INSERT INTO accounts_student VALUES(2,'Bachelor',1,4,NULL);
INSERT INTO accounts_student VALUES(4,'Bachelor',1,6,NULL);
INSERT INTO accounts_student VALUES(5,'Bachelor',1,8,NULL);
INSERT INTO accounts_student VALUES(6,'Bachelor',1,9,NULL);
INSERT INTO accounts_student VALUES(12,'Bachelor',1,26,NULL);
INSERT INTO accounts_student VALUES(13,'Bachelor',1,27,NULL);
INSERT INTO accounts_student VALUES(14,'Bachelor',1,29,NULL);
INSERT INTO accounts_student VALUES(15,'Bachelor',1,30,NULL);
INSERT INTO accounts_student VALUES(17,NULL,NULL,25,NULL);
INSERT INTO accounts_student VALUES(18,NULL,NULL,24,NULL);
INSERT INTO accounts_student VALUES(19,NULL,NULL,23,NULL);
INSERT INTO accounts_student VALUES(20,NULL,NULL,22,NULL);
INSERT INTO accounts_student VALUES(21,NULL,NULL,21,NULL);
CREATE TABLE IF NOT EXISTS "core_studentenrollment" ("id" integer NOT NULL PRIMARY KEY AUTOINCREMENT, "enrolled_date" date NOT NULL, "is_active" bool NOT NULL, "notes" text NULL, "course_offering_id" bigint NOT NULL REFERENCES "core_courseoffering" ("id") DEFERRABLE INITIALLY DEFERRED, "student_id" bigint NOT NULL REFERENCES "accounts_user" ("id") DEFERRABLE INITIALLY DEFERRED);
CREATE TABLE IF NOT EXISTS "core_studentfeedback" ("id" integer NOT NULL PRIMARY KEY AUTOINCREMENT, "rating" integer NOT NULL, "message" text NOT NULL, "created_at" datetime NOT NULL, "updated_at" datetime NOT NULL, "lecturer_id" bigint NOT NULL REFERENCES "accounts_user" ("id") DEFERRABLE INITIALLY DEFERRED, "student_id" bigint NOT NULL REFERENCES "accounts_student" ("id") DEFERRABLE INITIALLY DEFERRED);
CREATE TABLE IF NOT EXISTS "course_course" ("id" integer NOT NULL PRIMARY KEY AUTOINCREMENT, "slug" varchar(50) NOT NULL UNIQUE, "title" varchar(200) NOT NULL, "code" varchar(200) NOT NULL UNIQUE, "credit" integer NOT NULL, "summary" text NOT NULL, "level" varchar(25) NOT NULL, "year" integer NOT NULL, "is_elective" bool NOT NULL, "program_id" bigint NOT NULL REFERENCES "course_program" ("id") DEFERRABLE INITIALLY DEFERRED, "summary_en" text NULL, "summary_ru" text NULL, "title_en" varchar(200) NULL, "title_ru" varchar(200) NULL, "summary_es" text NULL, "summary_fr" text NULL, "title_es" varchar(200) NULL, "title_fr" varchar(200) NULL, "semester" varchar(200) NOT NULL);
INSERT INTO course_course VALUES(1,'dbms-8a8h','DBMS','CSE30424',4,'','Bachelor',2,0,1,NULL,NULL,'DBMS',NULL,NULL,NULL,NULL,NULL,'3rd');
INSERT INTO course_course VALUES(2,'professional-communication','Professional Communication','BAINHPC125',3,'','Bachelor',1,0,1,NULL,NULL,'Professional Communication',NULL,NULL,NULL,NULL,NULL,'1st');
INSERT INTO course_course VALUES(11,'engineering-graphics','Engineering Graphics','BAINEEG125',3,'','Bachelor',1,0,1,NULL,NULL,'Engineering Graphics',NULL,NULL,NULL,NULL,NULL,'1st');
INSERT INTO course_course VALUES(12,'em-i-w7ul','EM I','BAINBMT125',4,'','Bachelor',1,0,1,NULL,NULL,'EM I',NULL,NULL,NULL,NULL,NULL,'1st');
INSERT INTO course_course VALUES(13,'discrete-mathematics-gznh','Discrete Mathematics','MTH30124',4,'','Bachelor',2,0,1,NULL,NULL,'Discrete Mathematics',NULL,NULL,NULL,NULL,NULL,'3rd');
INSERT INTO course_course VALUES(14,'ppst-c','PPST (C)','BAINEPP125',4,'','Bachelor',1,0,1,NULL,NULL,'PPST (C)',NULL,NULL,NULL,NULL,NULL,'1st');
INSERT INTO course_course VALUES(15,'oop-using-c','OOP Using C++','CSE30224',4,'','Bachelor',2,0,1,NULL,NULL,'OOP Using C++',NULL,NULL,NULL,NULL,NULL,'3rd');
INSERT INTO course_course VALUES(16,'biology-for-engineers','Biology For Engineers','BAINBBE125',3,'','Bachelor',1,0,1,NULL,NULL,'Biology For Engineers',NULL,NULL,NULL,NULL,NULL,'1st');
INSERT INTO course_course VALUES(17,'digital-electronics','Digital Electronics','ce',3,'','Bachelor',1,0,1,NULL,NULL,'Digital Electronics',NULL,NULL,NULL,NULL,NULL,'Third');
INSERT INTO course_course VALUES(18,'humanities','Humanities','hum2',3,'','Bachelor',1,0,1,NULL,NULL,'Humanities',NULL,NULL,NULL,NULL,NULL,'First');
INSERT INTO course_course VALUES(19,'dbms-lab-hr5o','DBMS Lab','CSE30424L',1,'','Bachelor',2,0,1,NULL,NULL,'DBMS Lab',NULL,NULL,NULL,NULL,NULL,'3rd');
INSERT INTO course_course VALUES(20,'c-lab','C++ Lab','cse34',3,'','Bachelor',2,0,1,NULL,NULL,'C++ Lab',NULL,NULL,NULL,NULL,NULL,'Third');
INSERT INTO course_course VALUES(21,'ppst-lab','PPST Lab','cse83',3,'','Bachelor',1,0,1,NULL,NULL,'PPST Lab',NULL,NULL,NULL,NULL,NULL,'First');
INSERT INTO course_course VALUES(22,'universal-human-values','Universal Human Values','BAINHUH125',2,'','Bachelor',1,0,1,NULL,NULL,'Universal Human Values',NULL,NULL,NULL,NULL,NULL,'1st');
INSERT INTO course_course VALUES(23,'engineering-physics','Engineering Physics','BAINBPH125',4,'','Bachelor',1,0,1,NULL,NULL,'Engineering Physics',NULL,NULL,NULL,NULL,NULL,'1st');
INSERT INTO course_course VALUES(24,'digital-electronics-k1mu','Digital Electronics','CSE30324',4,'','Bachelor',2,0,1,NULL,NULL,'Digital Electronics',NULL,NULL,NULL,NULL,NULL,'3rd');
INSERT INTO course_course VALUES(25,'introduction-to-ai','Introduction to AI','CSE30524',4,'','Bachelor',2,0,1,NULL,NULL,'Introduction to AI',NULL,NULL,NULL,NULL,NULL,'3rd');
INSERT INTO course_course VALUES(26,'oop-using-c-lab','OOP Using C++ Lab','CSE30224L',1,'','Bachelor',2,0,1,NULL,NULL,'OOP Using C++ Lab',NULL,NULL,NULL,NULL,NULL,'3rd');
INSERT INTO course_course VALUES(27,'digital-electronics-lab','DIgital Electronics Lab','CSE30324L',1,'','Bachelor',2,0,1,NULL,NULL,'DIgital Electronics Lab',NULL,NULL,NULL,NULL,NULL,'3rd');
INSERT INTO course_course VALUES(28,'software-tools-techniques','Software Tools & Techniques','CSE30625',1,'','Bachelor',2,0,1,NULL,NULL,'Software Tools & Techniques',NULL,NULL,NULL,NULL,NULL,'3rd');
INSERT INTO course_course VALUES(29,'discrete-mathematical-structures','Discrete Mathematical Structures','MTH30120',3,'','Bachelor',2,0,2,NULL,NULL,'Discrete Mathematical Structures',NULL,NULL,NULL,NULL,NULL,'3rd');
INSERT INTO course_course VALUES(30,'oops-using-java','OOPS Using Java','CSE30220',3,'','Bachelor',2,0,2,NULL,NULL,'OOPS Using Java',NULL,NULL,NULL,NULL,NULL,'3rd');
INSERT INTO course_course VALUES(31,'dbms','DBMS','CSE30320',4,'','Bachelor',2,0,2,NULL,NULL,'DBMS',NULL,NULL,NULL,NULL,NULL,'3rd');
INSERT INTO course_course VALUES(32,'digital-systems-design','Digital Systems Design','CSE30420',4,'','Bachelor',2,0,2,NULL,NULL,'Digital Systems Design',NULL,NULL,NULL,NULL,NULL,'3rd');
INSERT INTO course_course VALUES(33,'signals-systems','Signals & Systems','ECE30520',3,'','Bachelor',2,0,2,NULL,NULL,'Signals & Systems',NULL,NULL,NULL,NULL,NULL,'3rd');
INSERT INTO course_course VALUES(34,'oops-using-java-lab','OOPS Using Java Lab','CSE30220L',2,'','Bachelor',2,0,2,NULL,NULL,'OOPS Using Java Lab',NULL,NULL,NULL,NULL,NULL,'3rd');
INSERT INTO course_course VALUES(35,'dbms-lab','DBMS Lab','CSE30320L',2,'','Bachelor',2,0,2,NULL,NULL,'DBMS Lab',NULL,NULL,NULL,NULL,NULL,'3rd');
INSERT INTO course_course VALUES(36,'digital-systems-design-lab','Digital Systems Design Lab','ECE30420L',1,'','Bachelor',2,0,2,NULL,NULL,'Digital Systems Design Lab',NULL,NULL,NULL,NULL,NULL,'3rd');
CREATE TABLE IF NOT EXISTS "result_result" ("id" integer NOT NULL PRIMARY KEY AUTOINCREMENT, "gpa" real NULL, "cgpa" real NULL, "session" varchar(100) NULL, "level" varchar(25) NULL, "student_id" bigint NOT NULL REFERENCES "accounts_student" ("id") DEFERRABLE INITIALLY DEFERRED, "semester" varchar(100) NOT NULL);
CREATE TABLE IF NOT EXISTS "core_feedback" ("id" integer NOT NULL PRIMARY KEY AUTOINCREMENT, "teacher_rating" integer NOT NULL, "comments" text NULL, "submitted_at" datetime NOT NULL, "lecturer_id" bigint NOT NULL REFERENCES "core_lecturer" ("id") DEFERRABLE INITIALLY DEFERRED, "student_id" bigint NOT NULL REFERENCES "accounts_user" ("id") DEFERRABLE INITIALLY DEFERRED);
INSERT INTO core_feedback VALUES(5,2,'fjf','2025-09-02 15:09:48.038224',17,6);
INSERT INTO core_feedback VALUES(6,2,'','2025-09-03 11:00:48.758418',17,4);
CREATE TABLE IF NOT EXISTS "core_lecturer" ("id" integer NOT NULL PRIMARY KEY AUTOINCREMENT, "name" varchar(255) NOT NULL, "subject" varchar(255) NULL);
INSERT INTO core_lecturer VALUES(4,'dr. gfhfgs','General');
INSERT INTO core_lecturer VALUES(5,'dr. hgjh','General');
INSERT INTO core_lecturer VALUES(6,'abc def','General');
INSERT INTO core_lecturer VALUES(7,'Dr. John Smith','General');
INSERT INTO core_lecturer VALUES(8,'Dr. Prince','General');
INSERT INTO core_lecturer VALUES(9,'Dr. Iqra','General');
INSERT INTO core_lecturer VALUES(10,'Dr. Tabish','General');
INSERT INTO core_lecturer VALUES(11,'Dr. Sidrat','General');
INSERT INTO core_lecturer VALUES(12,'Dr. Masood','General');
INSERT INTO core_lecturer VALUES(13,'Dr. Mudasir','General');
INSERT INTO core_lecturer VALUES(14,'Dr. Afrah','General');
INSERT INTO core_lecturer VALUES(15,'Dr. Aneesa','General');
INSERT INTO core_lecturer VALUES(16,'Dr. Azra','General');
INSERT INTO core_lecturer VALUES(17,'Dr. Omar','General');
CREATE TABLE IF NOT EXISTS "core_tuitionfee" ("id" integer NOT NULL PRIMARY KEY AUTOINCREMENT, "semester" integer NOT NULL, "due_date" date NOT NULL, "amount" decimal NOT NULL, "is_active" bool NOT NULL, "created_at" datetime NOT NULL, "updated_at" datetime NOT NULL);
INSERT INTO core_tuitionfee VALUES(1,1,'2025-10-03',1000,1,'2025-09-03 10:38:06.871741','2025-09-03 10:38:06.871774');
INSERT INTO core_tuitionfee VALUES(2,2,'2025-11-02',1000,1,'2025-09-03 10:38:06.874437','2025-09-03 10:38:06.874455');
INSERT INTO core_tuitionfee VALUES(3,3,'2025-12-02',1000,1,'2025-09-03 10:38:06.875926','2025-09-03 10:38:06.875940');
INSERT INTO core_tuitionfee VALUES(4,4,'2026-01-01',1000,1,'2025-09-03 10:38:06.877392','2025-09-03 10:38:06.877406');
INSERT INTO core_tuitionfee VALUES(5,5,'2026-01-31',1000,1,'2025-09-03 10:38:06.878880','2025-09-03 10:38:06.878895');
INSERT INTO core_tuitionfee VALUES(6,6,'2026-03-02',1000,1,'2025-09-03 10:38:06.880626','2025-09-03 10:38:06.880644');
INSERT INTO core_tuitionfee VALUES(7,7,'2026-04-01',1000,1,'2025-09-03 10:38:06.882866','2025-09-03 10:38:06.882887');
INSERT INTO core_tuitionfee VALUES(8,8,'2026-05-01',1000,1,'2025-09-03 10:38:06.884974','2025-09-03 10:38:06.884996');
CREATE TABLE IF NOT EXISTS "core_studenttuitionfee" ("id" integer NOT NULL PRIMARY KEY AUTOINCREMENT, "semester" integer NOT NULL, "amount_paid" decimal NOT NULL, "payment_date" date NULL, "due_date" date NOT NULL, "is_paid" bool NOT NULL, "is_overdue" bool NOT NULL, "created_at" datetime NOT NULL, "updated_at" datetime NOT NULL, "student_id" bigint NOT NULL REFERENCES "accounts_user" ("id") DEFERRABLE INITIALLY DEFERRED);
INSERT INTO core_studenttuitionfee VALUES(9,1,0,NULL,'2025-10-03',0,0,'2025-09-03 10:38:06.916121','2025-09-03 10:38:06.916139',30);
INSERT INTO core_studenttuitionfee VALUES(10,2,0,NULL,'2025-11-02',0,0,'2025-09-03 10:38:06.919133','2025-09-03 10:38:06.919151',30);
INSERT INTO core_studenttuitionfee VALUES(11,3,0,NULL,'2025-12-02',0,0,'2025-09-03 10:38:06.922310','2025-09-03 10:38:06.922331',30);
INSERT INTO core_studenttuitionfee VALUES(12,4,0,NULL,'2026-01-01',0,0,'2025-09-03 10:38:06.925146','2025-09-03 10:38:06.925163',30);
INSERT INTO core_studenttuitionfee VALUES(13,5,0,NULL,'2026-01-31',0,0,'2025-09-03 10:38:06.927921','2025-09-03 10:38:06.927942',30);
INSERT INTO core_studenttuitionfee VALUES(14,6,0,NULL,'2026-03-02',0,0,'2025-09-03 10:38:06.931010','2025-09-03 10:38:06.931027',30);
INSERT INTO core_studenttuitionfee VALUES(15,7,0,NULL,'2026-04-01',0,0,'2025-09-03 10:38:06.933876','2025-09-03 10:38:06.933895',30);
INSERT INTO core_studenttuitionfee VALUES(16,8,0,NULL,'2026-05-01',0,0,'2025-09-03 10:38:06.936738','2025-09-03 10:38:06.936757',30);
INSERT INTO core_studenttuitionfee VALUES(17,1,0,NULL,'2025-10-03',0,0,'2025-09-03 10:38:06.939605','2025-09-03 10:38:06.939624',29);
INSERT INTO core_studenttuitionfee VALUES(18,2,0,NULL,'2025-11-02',0,0,'2025-09-03 10:38:06.942345','2025-09-03 10:38:06.942365',29);
INSERT INTO core_studenttuitionfee VALUES(19,3,0,NULL,'2025-12-02',0,0,'2025-09-03 10:38:06.945259','2025-09-03 10:38:06.945276',29);
INSERT INTO core_studenttuitionfee VALUES(20,4,0,NULL,'2026-01-01',0,0,'2025-09-03 10:38:06.947848','2025-09-03 10:38:06.947866',29);
INSERT INTO core_studenttuitionfee VALUES(21,5,0,NULL,'2026-01-31',0,0,'2025-09-03 10:38:06.950566','2025-09-03 10:38:06.950583',29);
INSERT INTO core_studenttuitionfee VALUES(22,6,0,NULL,'2026-03-02',0,0,'2025-09-03 10:38:06.953483','2025-09-03 10:38:06.953501',29);
INSERT INTO core_studenttuitionfee VALUES(23,7,0,NULL,'2026-04-01',0,0,'2025-09-03 10:38:06.957102','2025-09-03 10:38:06.957120',29);
INSERT INTO core_studenttuitionfee VALUES(24,8,0,NULL,'2026-05-01',0,0,'2025-09-03 10:38:06.959998','2025-09-03 10:38:06.960015',29);
INSERT INTO core_studenttuitionfee VALUES(25,1,0,NULL,'2025-10-03',0,0,'2025-09-03 10:38:06.963471','2025-09-03 10:38:06.963490',27);
INSERT INTO core_studenttuitionfee VALUES(26,2,0,NULL,'2025-11-02',0,0,'2025-09-03 10:38:06.966161','2025-09-03 10:38:06.966178',27);
INSERT INTO core_studenttuitionfee VALUES(27,3,0,NULL,'2025-12-02',0,0,'2025-09-03 10:38:06.969366','2025-09-03 10:38:06.969385',27);
INSERT INTO core_studenttuitionfee VALUES(28,4,0,NULL,'2026-01-01',0,0,'2025-09-03 10:38:06.973339','2025-09-03 10:38:06.973358',27);
INSERT INTO core_studenttuitionfee VALUES(29,5,0,NULL,'2026-01-31',0,0,'2025-09-03 10:38:06.976733','2025-09-03 10:38:06.976759',27);
INSERT INTO core_studenttuitionfee VALUES(30,6,0,NULL,'2026-03-02',0,0,'2025-09-03 10:38:06.979632','2025-09-03 10:38:06.979649',27);
INSERT INTO core_studenttuitionfee VALUES(31,7,0,NULL,'2026-04-01',0,0,'2025-09-03 10:38:06.982797','2025-09-03 10:38:06.982819',27);
INSERT INTO core_studenttuitionfee VALUES(32,8,0,NULL,'2026-05-01',0,0,'2025-09-03 10:38:06.986832','2025-09-03 10:38:06.986859',27);
INSERT INTO core_studenttuitionfee VALUES(33,1,0,NULL,'2025-10-03',0,0,'2025-09-03 10:38:07.004824','2025-09-03 10:38:07.004858',26);
INSERT INTO core_studenttuitionfee VALUES(34,2,0,NULL,'2025-11-02',0,0,'2025-09-03 10:38:07.022934','2025-09-03 10:38:07.023117',26);
INSERT INTO core_studenttuitionfee VALUES(35,3,0,NULL,'2025-12-02',0,0,'2025-09-03 10:38:07.044489','2025-09-03 10:38:07.044524',26);
INSERT INTO core_studenttuitionfee VALUES(36,4,0,NULL,'2026-01-01',0,0,'2025-09-03 10:38:07.073780','2025-09-03 10:38:07.073813',26);
INSERT INTO core_studenttuitionfee VALUES(37,5,0,NULL,'2026-01-31',0,0,'2025-09-03 10:38:07.096905','2025-09-03 10:38:07.096934',26);
INSERT INTO core_studenttuitionfee VALUES(38,6,0,NULL,'2026-03-02',0,0,'2025-09-03 10:38:07.163093','2025-09-03 10:38:07.163126',26);
INSERT INTO core_studenttuitionfee VALUES(39,7,0,NULL,'2026-04-01',0,0,'2025-09-03 10:38:07.175580','2025-09-03 10:38:07.175617',26);
INSERT INTO core_studenttuitionfee VALUES(40,8,0,NULL,'2026-05-01',0,0,'2025-09-03 10:38:07.275667','2025-09-03 10:38:07.275992',26);
INSERT INTO core_studenttuitionfee VALUES(41,1,0,NULL,'2025-10-03',0,0,'2025-09-03 10:38:07.286552','2025-09-03 10:38:07.286591',25);
INSERT INTO core_studenttuitionfee VALUES(42,2,0,NULL,'2025-11-02',0,0,'2025-09-03 10:38:07.448900','2025-09-03 10:38:07.448961',25);
INSERT INTO core_studenttuitionfee VALUES(43,3,0,NULL,'2025-12-02',0,0,'2025-09-03 10:38:07.517145','2025-09-03 10:38:07.517185',25);
INSERT INTO core_studenttuitionfee VALUES(44,4,0,NULL,'2026-01-01',0,0,'2025-09-03 10:38:07.557146','2025-09-03 10:38:07.557306',25);
INSERT INTO core_studenttuitionfee VALUES(45,5,0,NULL,'2026-01-31',0,0,'2025-09-03 10:38:07.655367','2025-09-03 10:38:07.655398',25);
INSERT INTO core_studenttuitionfee VALUES(46,6,0,NULL,'2026-03-02',0,0,'2025-09-03 10:38:07.682253','2025-09-03 10:38:07.682314',25);
INSERT INTO core_studenttuitionfee VALUES(47,7,0,NULL,'2026-04-01',0,0,'2025-09-03 10:38:07.732080','2025-09-03 10:38:07.732221',25);
INSERT INTO core_studenttuitionfee VALUES(48,8,0,NULL,'2026-05-01',0,0,'2025-09-03 10:38:07.798294','2025-09-03 10:38:07.798334',25);
INSERT INTO core_studenttuitionfee VALUES(49,1,0,NULL,'2025-10-03',0,0,'2025-09-03 10:38:07.810383','2025-09-03 10:38:07.810432',24);
INSERT INTO core_studenttuitionfee VALUES(50,2,0,NULL,'2025-11-02',0,0,'2025-09-03 10:38:08.046379','2025-09-03 10:38:08.046541',24);
INSERT INTO core_studenttuitionfee VALUES(51,3,0,NULL,'2025-12-02',0,0,'2025-09-03 10:38:08.058808','2025-09-03 10:38:08.058841',24);
INSERT INTO core_studenttuitionfee VALUES(52,4,0,NULL,'2026-01-01',0,0,'2025-09-03 10:38:08.064858','2025-09-03 10:38:08.064884',24);
INSERT INTO core_studenttuitionfee VALUES(53,5,0,NULL,'2026-01-31',0,0,'2025-09-03 10:38:08.075179','2025-09-03 10:38:08.075210',24);
INSERT INTO core_studenttuitionfee VALUES(54,6,0,NULL,'2026-03-02',0,0,'2025-09-03 10:38:08.080568','2025-09-03 10:38:08.080593',24);
INSERT INTO core_studenttuitionfee VALUES(55,7,0,NULL,'2026-04-01',0,0,'2025-09-03 10:38:08.087656','2025-09-03 10:38:08.087688',24);
INSERT INTO core_studenttuitionfee VALUES(56,8,0,NULL,'2026-05-01',0,0,'2025-09-03 10:38:08.094765','2025-09-03 10:38:08.094825',24);
INSERT INTO core_studenttuitionfee VALUES(57,1,0,NULL,'2025-10-03',0,0,'2025-09-03 10:38:08.099919','2025-09-03 10:38:08.099956',23);
INSERT INTO core_studenttuitionfee VALUES(58,2,0,NULL,'2025-11-02',0,0,'2025-09-03 10:38:08.107894','2025-09-03 10:38:08.107926',23);
INSERT INTO core_studenttuitionfee VALUES(59,3,0,NULL,'2025-12-02',0,0,'2025-09-03 10:38:08.115118','2025-09-03 10:38:08.115146',23);
INSERT INTO core_studenttuitionfee VALUES(60,4,0,NULL,'2026-01-01',0,0,'2025-09-03 10:38:08.122189','2025-09-03 10:38:08.122218',23);
INSERT INTO core_studenttuitionfee VALUES(61,5,0,NULL,'2026-01-31',0,0,'2025-09-03 10:38:08.128000','2025-09-03 10:38:08.128098',23);
INSERT INTO core_studenttuitionfee VALUES(62,6,0,NULL,'2026-03-02',0,0,'2025-09-03 10:38:08.134891','2025-09-03 10:38:08.134920',23);
INSERT INTO core_studenttuitionfee VALUES(63,7,0,NULL,'2026-04-01',0,0,'2025-09-03 10:38:08.144414','2025-09-03 10:38:08.144460',23);
INSERT INTO core_studenttuitionfee VALUES(64,8,0,NULL,'2026-05-01',0,0,'2025-09-03 10:38:08.151895','2025-09-03 10:38:08.151935',23);
INSERT INTO core_studenttuitionfee VALUES(65,1,0,NULL,'2025-10-03',0,0,'2025-09-03 10:38:08.159129','2025-09-03 10:38:08.159165',22);
INSERT INTO core_studenttuitionfee VALUES(66,2,0,NULL,'2025-11-02',0,0,'2025-09-03 10:38:08.165028','2025-09-03 10:38:08.165058',22);
INSERT INTO core_studenttuitionfee VALUES(67,3,0,NULL,'2025-12-02',0,0,'2025-09-03 10:38:08.172351','2025-09-03 10:38:08.172383',22);
INSERT INTO core_studenttuitionfee VALUES(68,4,0,NULL,'2026-01-01',0,0,'2025-09-03 10:38:08.179832','2025-09-03 10:38:08.179865',22);
INSERT INTO core_studenttuitionfee VALUES(69,5,0,NULL,'2026-01-31',0,0,'2025-09-03 10:38:08.185680','2025-09-03 10:38:08.185709',22);
INSERT INTO core_studenttuitionfee VALUES(70,6,0,NULL,'2026-03-02',0,0,'2025-09-03 10:38:08.193065','2025-09-03 10:38:08.193102',22);
INSERT INTO core_studenttuitionfee VALUES(71,7,0,NULL,'2026-04-01',0,0,'2025-09-03 10:38:08.200603','2025-09-03 10:38:08.200634',22);
INSERT INTO core_studenttuitionfee VALUES(72,8,0,NULL,'2026-05-01',0,0,'2025-09-03 10:38:08.208260','2025-09-03 10:38:08.208291',22);
INSERT INTO core_studenttuitionfee VALUES(73,1,0,NULL,'2025-10-03',0,0,'2025-09-03 10:38:08.215885','2025-09-03 10:38:08.215918',21);
INSERT INTO core_studenttuitionfee VALUES(74,2,0,NULL,'2025-11-02',0,0,'2025-09-03 10:38:08.229559','2025-09-03 10:38:08.229600',21);
INSERT INTO core_studenttuitionfee VALUES(75,3,0,NULL,'2025-12-02',0,0,'2025-09-03 10:38:08.259406','2025-09-03 10:38:08.259443',21);
INSERT INTO core_studenttuitionfee VALUES(76,4,0,NULL,'2026-01-01',0,0,'2025-09-03 10:38:08.293059','2025-09-03 10:38:08.293091',21);
INSERT INTO core_studenttuitionfee VALUES(77,5,0,NULL,'2026-01-31',0,0,'2025-09-03 10:38:08.360923','2025-09-03 10:38:08.360956',21);
INSERT INTO core_studenttuitionfee VALUES(78,6,0,NULL,'2026-03-02',0,0,'2025-09-03 10:38:08.375696','2025-09-03 10:38:08.375732',21);
INSERT INTO core_studenttuitionfee VALUES(79,7,0,NULL,'2026-04-01',0,0,'2025-09-03 10:38:08.392206','2025-09-03 10:38:08.392238',21);
INSERT INTO core_studenttuitionfee VALUES(80,8,0,NULL,'2026-05-01',0,0,'2025-09-03 10:38:08.399418','2025-09-03 10:38:08.399453',21);
INSERT INTO core_studenttuitionfee VALUES(81,1,0,NULL,'2025-10-03',0,0,'2025-09-03 10:38:08.413095','2025-09-03 10:38:08.413140',9);
INSERT INTO core_studenttuitionfee VALUES(82,2,0,NULL,'2025-11-02',0,0,'2025-09-03 10:38:08.426392','2025-09-03 10:38:08.426423',9);
INSERT INTO core_studenttuitionfee VALUES(83,3,0,NULL,'2025-12-02',0,0,'2025-09-03 10:38:08.432617','2025-09-03 10:38:08.432645',9);
INSERT INTO core_studenttuitionfee VALUES(84,4,0,NULL,'2026-01-01',0,0,'2025-09-03 10:38:08.441318','2025-09-03 10:38:08.441348',9);
INSERT INTO core_studenttuitionfee VALUES(85,5,0,NULL,'2026-01-31',0,0,'2025-09-03 10:38:08.448881','2025-09-03 10:38:08.448911',9);
INSERT INTO core_studenttuitionfee VALUES(86,6,0,NULL,'2026-03-02',0,0,'2025-09-03 10:38:08.456444','2025-09-03 10:38:08.456476',9);
INSERT INTO core_studenttuitionfee VALUES(87,7,0,NULL,'2026-04-01',0,0,'2025-09-03 10:38:08.464144','2025-09-03 10:38:08.464176',9);
INSERT INTO core_studenttuitionfee VALUES(88,8,0,NULL,'2026-05-01',0,0,'2025-09-03 10:38:08.472270','2025-09-03 10:38:08.472300',9);
INSERT INTO core_studenttuitionfee VALUES(89,1,0,NULL,'2025-10-03',0,0,'2025-09-03 10:38:08.485974','2025-09-03 10:38:08.486009',8);
INSERT INTO core_studenttuitionfee VALUES(90,2,0,NULL,'2025-11-02',0,0,'2025-09-03 10:38:08.498086','2025-09-03 10:38:08.498129',8);
INSERT INTO core_studenttuitionfee VALUES(91,3,0,NULL,'2025-12-02',0,0,'2025-09-03 10:38:08.505969','2025-09-03 10:38:08.506022',8);
INSERT INTO core_studenttuitionfee VALUES(92,4,0,NULL,'2026-01-01',0,0,'2025-09-03 10:38:08.513866','2025-09-03 10:38:08.513890',8);
INSERT INTO core_studenttuitionfee VALUES(93,5,0,NULL,'2026-01-31',0,0,'2025-09-03 10:38:08.519735','2025-09-03 10:38:08.519775',8);
INSERT INTO core_studenttuitionfee VALUES(94,6,0,NULL,'2026-03-02',0,0,'2025-09-03 10:38:08.525580','2025-09-03 10:38:08.525612',8);
INSERT INTO core_studenttuitionfee VALUES(95,7,0,NULL,'2026-04-01',0,0,'2025-09-03 10:38:08.532686','2025-09-03 10:38:08.532716',8);
INSERT INTO core_studenttuitionfee VALUES(96,8,0,NULL,'2026-05-01',0,0,'2025-09-03 10:38:08.538591','2025-09-03 10:38:08.538618',8);
INSERT INTO core_studenttuitionfee VALUES(97,1,0,NULL,'2025-10-03',0,0,'2025-09-03 10:38:08.544809','2025-09-03 10:38:08.544861',6);
INSERT INTO core_studenttuitionfee VALUES(98,2,0,NULL,'2025-11-02',0,0,'2025-09-03 10:38:08.548768','2025-09-03 10:38:08.548795',6);
INSERT INTO core_studenttuitionfee VALUES(99,3,0,NULL,'2025-12-02',0,0,'2025-09-03 10:38:08.554594','2025-09-03 10:38:08.554621',6);
INSERT INTO core_studenttuitionfee VALUES(100,4,0,NULL,'2026-01-01',0,0,'2025-09-03 10:38:08.560369','2025-09-03 10:38:08.560409',6);
INSERT INTO core_studenttuitionfee VALUES(101,5,0,NULL,'2026-01-31',0,0,'2025-09-03 10:38:08.565174','2025-09-03 10:38:08.565198',6);
INSERT INTO core_studenttuitionfee VALUES(102,6,0,NULL,'2026-03-02',0,0,'2025-09-03 10:38:08.571562','2025-09-03 10:38:08.571603',6);
INSERT INTO core_studenttuitionfee VALUES(103,7,0,NULL,'2026-04-01',0,0,'2025-09-03 10:38:08.577891','2025-09-03 10:38:08.577924',6);
INSERT INTO core_studenttuitionfee VALUES(104,8,0,NULL,'2026-05-01',0,0,'2025-09-03 10:38:08.583809','2025-09-03 10:38:08.583841',6);
INSERT INTO core_studenttuitionfee VALUES(105,1,0,NULL,'2025-10-03',0,0,'2025-09-03 10:38:08.590178','2025-09-03 10:38:08.590215',4);
INSERT INTO core_studenttuitionfee VALUES(106,2,0,NULL,'2025-11-02',0,0,'2025-09-03 10:38:08.596130','2025-09-03 10:38:08.596165',4);
INSERT INTO core_studenttuitionfee VALUES(107,3,0,NULL,'2025-12-02',0,0,'2025-09-03 10:38:08.601884','2025-09-03 10:38:08.601917',4);
INSERT INTO core_studenttuitionfee VALUES(108,4,0,NULL,'2026-01-01',0,0,'2025-09-03 10:38:08.607740','2025-09-03 10:38:08.607774',4);
INSERT INTO core_studenttuitionfee VALUES(109,5,0,NULL,'2026-01-31',0,0,'2025-09-03 10:38:08.612983','2025-09-03 10:38:08.613016',4);
INSERT INTO core_studenttuitionfee VALUES(110,6,0,NULL,'2026-03-02',0,0,'2025-09-03 10:38:08.618377','2025-09-03 10:38:08.618412',4);
INSERT INTO core_studenttuitionfee VALUES(111,7,0,NULL,'2026-04-01',0,0,'2025-09-03 10:38:08.624062','2025-09-03 10:38:08.624225',4);
INSERT INTO core_studenttuitionfee VALUES(112,8,0,NULL,'2026-05-01',0,0,'2025-09-03 10:38:08.630540','2025-09-03 10:38:08.630571',4);
INSERT INTO core_studenttuitionfee VALUES(113,1,0,NULL,'2025-10-03',0,0,'2025-09-03 10:38:08.636051','2025-09-03 10:38:08.636082',2);
INSERT INTO core_studenttuitionfee VALUES(114,2,0,NULL,'2025-11-02',0,0,'2025-09-03 10:38:08.642753','2025-09-03 10:38:08.642784',2);
INSERT INTO core_studenttuitionfee VALUES(115,3,0,NULL,'2025-12-02',0,0,'2025-09-03 10:38:08.648601','2025-09-03 10:38:08.648640',2);
INSERT INTO core_studenttuitionfee VALUES(116,4,0,NULL,'2026-01-01',0,0,'2025-09-03 10:38:08.654762','2025-09-03 10:38:08.654796',2);
INSERT INTO core_studenttuitionfee VALUES(117,5,0,NULL,'2026-01-31',0,0,'2025-09-03 10:38:08.661243','2025-09-03 10:38:08.661275',2);
INSERT INTO core_studenttuitionfee VALUES(118,6,0,NULL,'2026-03-02',0,0,'2025-09-03 10:38:08.667922','2025-09-03 10:38:08.667958',2);
INSERT INTO core_studenttuitionfee VALUES(119,7,0,NULL,'2026-04-01',0,0,'2025-09-03 10:38:08.674952','2025-09-03 10:38:08.674989',2);
INSERT INTO core_studenttuitionfee VALUES(120,8,0,NULL,'2026-05-01',0,0,'2025-09-03 10:38:08.680478','2025-09-03 10:38:08.680511',2);
INSERT INTO sqlite_sequence VALUES('django_migrations',60);
INSERT INTO sqlite_sequence VALUES('django_content_type',52);
INSERT INTO sqlite_sequence VALUES('auth_permission',209);
INSERT INTO sqlite_sequence VALUES('auth_group',0);
INSERT INTO sqlite_sequence VALUES('accounts_parent',0);
INSERT INTO sqlite_sequence VALUES('accounts_departmenthead',0);
INSERT INTO sqlite_sequence VALUES('django_admin_log',0);
INSERT INTO sqlite_sequence VALUES('core_newsandevents',4);
INSERT INTO sqlite_sequence VALUES('course_program',9);
INSERT INTO sqlite_sequence VALUES('course_upload',0);
INSERT INTO sqlite_sequence VALUES('course_uploadvideo',0);
INSERT INTO sqlite_sequence VALUES('quiz_choice',0);
INSERT INTO sqlite_sequence VALUES('quiz_question',0);
INSERT INTO sqlite_sequence VALUES('quiz_quiz',0);
INSERT INTO sqlite_sequence VALUES('quiz_sitting',0);
INSERT INTO sqlite_sequence VALUES('core_activitylog',71);
INSERT INTO sqlite_sequence VALUES('quiz_progress',3);
INSERT INTO sqlite_sequence VALUES('dashboard_userdashboardmodule',2);
INSERT INTO sqlite_sequence VALUES('jet_bookmark',0);
INSERT INTO sqlite_sequence VALUES('jet_pinnedapplication',0);
INSERT INTO sqlite_sequence VALUES('core_session',2);
INSERT INTO sqlite_sequence VALUES('course_courseallocation',22);
INSERT INTO sqlite_sequence VALUES('course_courseallocation_courses',111);
INSERT INTO sqlite_sequence VALUES('core_predictionlog',10);
INSERT INTO sqlite_sequence VALUES('core_batch',8);
INSERT INTO sqlite_sequence VALUES('core_classroom',6);
INSERT INTO sqlite_sequence VALUES('core_courseoffering',144);
INSERT INTO sqlite_sequence VALUES('core_timetableslot',111);
INSERT INTO sqlite_sequence VALUES('core_collegecalendar',22);
INSERT INTO sqlite_sequence VALUES('core_attendancesession',11);
INSERT INTO sqlite_sequence VALUES('core_attendance',56);
INSERT INTO sqlite_sequence VALUES('accounts_user',35);
INSERT INTO sqlite_sequence VALUES('core_semester',8);
INSERT INTO sqlite_sequence VALUES('accounts_student',21);
INSERT INTO sqlite_sequence VALUES('core_studentenrollment',336);
INSERT INTO sqlite_sequence VALUES('core_studentfeedback',225);
INSERT INTO sqlite_sequence VALUES('course_course',36);
INSERT INTO sqlite_sequence VALUES('result_result',0);
INSERT INTO sqlite_sequence VALUES('core_feedback',6);
INSERT INTO sqlite_sequence VALUES('core_lecturer',17);
INSERT INTO sqlite_sequence VALUES('core_tuitionfee',8);
INSERT INTO sqlite_sequence VALUES('core_studenttuitionfee',120);
CREATE INDEX "course_courseoffer_dep_head_id_e54ea754" ON "course_courseoffer" ("dep_head_id");
CREATE INDEX "course_courseallocation_lecturer_id_ae68368a" ON "course_courseallocation" ("lecturer_id");
CREATE INDEX "course_courseallocation_session_id_3101be0e" ON "course_courseallocation" ("session_id");
CREATE UNIQUE INDEX "course_courseallocation_courses_courseallocation_id_course_id_fc6e91fc_uniq" ON "course_courseallocation_courses" ("courseallocation_id", "course_id");
CREATE INDEX "course_courseallocation_courses_courseallocation_id_e203c2aa" ON "course_courseallocation_courses" ("courseallocation_id");
CREATE INDEX "course_courseallocation_courses_course_id_74f75d98" ON "course_courseallocation_courses" ("course_id");
CREATE UNIQUE INDEX "django_content_type_app_label_model_76bd3d3b_uniq" ON "django_content_type" ("app_label", "model");
CREATE UNIQUE INDEX "auth_group_permissions_group_id_permission_id_0cd325b0_uniq" ON "auth_group_permissions" ("group_id", "permission_id");
CREATE INDEX "auth_group_permissions_group_id_b120cbf9" ON "auth_group_permissions" ("group_id");
CREATE INDEX "auth_group_permissions_permission_id_84c5c92e" ON "auth_group_permissions" ("permission_id");
CREATE UNIQUE INDEX "auth_permission_content_type_id_codename_01ab375a_uniq" ON "auth_permission" ("content_type_id", "codename");
CREATE INDEX "auth_permission_content_type_id_2f476e4b" ON "auth_permission" ("content_type_id");
CREATE INDEX "accounts_departmenthead_department_id_35df83b0" ON "accounts_departmenthead" ("department_id");
CREATE UNIQUE INDEX "accounts_user_groups_user_id_group_id_59c0b32f_uniq" ON "accounts_user_groups" ("user_id", "group_id");
CREATE INDEX "accounts_user_groups_user_id_52b62117" ON "accounts_user_groups" ("user_id");
CREATE INDEX "accounts_user_groups_group_id_bd11a704" ON "accounts_user_groups" ("group_id");
CREATE UNIQUE INDEX "accounts_user_user_permissions_user_id_permission_id_2ab516c2_uniq" ON "accounts_user_user_permissions" ("user_id", "permission_id");
CREATE INDEX "accounts_user_user_permissions_user_id_e4f0a161" ON "accounts_user_user_permissions" ("user_id");
CREATE INDEX "accounts_user_user_permissions_permission_id_113bb443" ON "accounts_user_user_permissions" ("permission_id");
CREATE INDEX "django_admin_log_content_type_id_c4bce8eb" ON "django_admin_log" ("content_type_id");
CREATE INDEX "django_admin_log_user_id_c564eba6" ON "django_admin_log" ("user_id");
CREATE INDEX "course_upload_course_id_624ff4d6" ON "course_upload" ("course_id");
CREATE INDEX "course_uploadvideo_course_id_0725e558" ON "course_uploadvideo" ("course_id");
CREATE INDEX "payments_invoice_user_id_2f564088" ON "payments_invoice" ("user_id");
CREATE UNIQUE INDEX "quiz_question_quiz_question_id_quiz_id_3414207a_uniq" ON "quiz_question_quiz" ("question_id", "quiz_id");
CREATE INDEX "quiz_question_quiz_question_id_2b2637b3" ON "quiz_question_quiz" ("question_id");
CREATE INDEX "quiz_question_quiz_quiz_id_eccb418d" ON "quiz_question_quiz" ("quiz_id");
CREATE INDEX "quiz_choice_question_id_6297ad3f" ON "quiz_choice" ("question_id");
CREATE INDEX "quiz_quiz_course_id_dd25aae3" ON "quiz_quiz" ("course_id");
CREATE INDEX "quiz_sitting_quiz_id_a3187627" ON "quiz_sitting" ("quiz_id");
CREATE INDEX "quiz_sitting_user_id_cfb694f3" ON "quiz_sitting" ("user_id");
CREATE INDEX "quiz_sitting_course_id_72b033f6" ON "quiz_sitting" ("course_id");
CREATE INDEX "result_takencourse_course_id_56fd5eb6" ON "result_takencourse" ("course_id");
CREATE INDEX "result_takencourse_student_id_c971277a" ON "result_takencourse" ("student_id");
CREATE INDEX "django_session_expire_date_a5c62663" ON "django_session" ("expire_date");
CREATE INDEX "core_announcement_created_by_id_86b3e573" ON "core_announcement" ("created_by_id");
CREATE INDEX "dashboard_userdashboardmodule_user_id_97c13132" ON "dashboard_userdashboardmodule" ("user_id");
CREATE INDEX "jet_bookmark_user_id_8efdc332" ON "jet_bookmark" ("user_id");
CREATE INDEX "jet_pinnedapplication_user_id_7765bcf9" ON "jet_pinnedapplication" ("user_id");
CREATE INDEX "core_predictionlog_requested_by_id_bdbc9d4e" ON "core_predictionlog" ("requested_by_id");
CREATE INDEX "core_predictionlog_user_id_1770f40b" ON "core_predictionlog" ("user_id");
CREATE INDEX "core_batch_program_id_097c3819" ON "core_batch" ("program_id");
CREATE INDEX "core_courseoffering_batch_id_00b5f64e" ON "core_courseoffering" ("batch_id");
CREATE INDEX "core_courseoffering_course_id_17cf7317" ON "core_courseoffering" ("course_id");
CREATE INDEX "core_courseoffering_lecturer_id_88f217a0" ON "core_courseoffering" ("lecturer_id");
CREATE INDEX "core_courseoffering_program_id_d35aacaf" ON "core_courseoffering" ("program_id");
CREATE UNIQUE INDEX "core_timetableslot_day_start_time_classroom_id_63b93fb3_uniq" ON "core_timetableslot" ("day", "start_time", "classroom_id");
CREATE UNIQUE INDEX "core_timetableslot_day_start_time_offering_id_e58080d3_uniq" ON "core_timetableslot" ("day", "start_time", "offering_id");
CREATE INDEX "core_timetableslot_classroom_id_dda28eaa" ON "core_timetableslot" ("classroom_id");
CREATE INDEX "core_timetableslot_offering_id_6592e23d" ON "core_timetableslot" ("offering_id");
CREATE UNIQUE INDEX "core_attendancesession_course_offering_id_date_d07a474d_uniq" ON "core_attendancesession" ("course_offering_id", "date");
CREATE INDEX "core_attendancesession_conducted_by_id_4c190de0" ON "core_attendancesession" ("conducted_by_id");
CREATE INDEX "core_attendancesession_course_offering_id_322102fd" ON "core_attendancesession" ("course_offering_id");
CREATE UNIQUE INDEX "core_attendance_student_id_course_offering_id_date_92cad009_uniq" ON "core_attendance" ("student_id", "course_offering_id", "date");
CREATE INDEX "core_attendance_course_offering_id_f6aeceaf" ON "core_attendance" ("course_offering_id");
CREATE INDEX "core_attendance_marked_by_id_70c30462" ON "core_attendance" ("marked_by_id");
CREATE INDEX "core_attendance_student_id_681381f8" ON "core_attendance" ("student_id");
CREATE INDEX "accounts_user_batch_id_02df8cc1" ON "accounts_user" ("batch_id");
CREATE INDEX "core_semester_session_id_5eb6ae4a" ON "core_semester" ("session_id");
CREATE INDEX "accounts_student_program_id_cbc959aa" ON "accounts_student" ("program_id");
CREATE UNIQUE INDEX "core_studentenrollment_student_id_course_offering_id_579feab6_uniq" ON "core_studentenrollment" ("student_id", "course_offering_id");
CREATE INDEX "core_studentenrollment_course_offering_id_94917128" ON "core_studentenrollment" ("course_offering_id");
CREATE INDEX "core_studentenrollment_student_id_ede9ddc0" ON "core_studentenrollment" ("student_id");
CREATE UNIQUE INDEX "core_studentfeedback_student_id_lecturer_id_e775e37e_uniq" ON "core_studentfeedback" ("student_id", "lecturer_id");
CREATE INDEX "core_studentfeedback_lecturer_id_a9871f4f" ON "core_studentfeedback" ("lecturer_id");
CREATE INDEX "core_studentfeedback_student_id_4fe17a41" ON "core_studentfeedback" ("student_id");
CREATE INDEX "course_course_program_id_dda9b2de" ON "course_course" ("program_id");
CREATE INDEX "result_result_student_id_59df1edd" ON "result_result" ("student_id");
CREATE INDEX "core_feedback_lecturer_id_ab7792ee" ON "core_feedback" ("lecturer_id");
CREATE INDEX "core_feedback_student_id_e532c19d" ON "core_feedback" ("student_id");
CREATE INDEX "core_lecturer_name_60b83e4e" ON "core_lecturer" ("name");
CREATE INDEX "core_lecturer_subject_4aa35d60" ON "core_lecturer" ("subject");
CREATE INDEX "core_lectur_name_247f32_idx" ON "core_lecturer" ("name");
CREATE INDEX "core_lectur_subject_b25e90_idx" ON "core_lecturer" ("subject");
CREATE UNIQUE INDEX "core_tuitionfee_semester_913d3369_uniq" ON "core_tuitionfee" ("semester");
CREATE UNIQUE INDEX "core_studenttuitionfee_student_id_semester_8535eec5_uniq" ON "core_studenttuitionfee" ("student_id", "semester");
CREATE INDEX "core_studenttuitionfee_student_id_0f73e17b" ON "core_studenttuitionfee" ("student_id");
COMMIT;
